SampleID	BarcodeSequence	barcode_index_set	barcode_coord	SampleType	investigator	project_name	tube_barcode	subject_id	host_species	study_day	study_group	current_antibiotics	date_collected	plate_row	plate_column	plate_location_combined	plate	box_id	box_position	time_collected	mouse_strain	cage_id	plate_coord	extract_id	qiacube_id	extract_date	extract_notes	dna_conc_ng_ul	redo_dna_conc_ng_ul	final_dna_conc_ng_ul	barcode_index_forward	barcode_index_reverse	udi_coord	library_conc_ng_ul	redo_library_conc_ng_ul	redo2_library_conc_ng_ul	redo3_library_conc_ng_uL	final_library_conc_ng_ul	note_lib_conc	vol_epMotion_ul	pooled	flow_cell_lane	flow_cell_id	NovaSeq600_id	NovaSeq600_flow_cell_position	run_start_date	dna_plate_barcode	lib_plate_barcode	qc_pool_barcode	seq_pool_barcode	Index_ID
HS55.D10	TGCCGGTCAGTTGTATCAGG	UDISetB	A01	Feces	Redding	REMBRANDT	NA	HS55	Human	10	Pet Owner			A	1	A01	2	NA	NA	NA	NA	NA	NA	NA	NA	NA	NA	86.017	NA	NA	NA	NA	A01	14.081	NA	NA	NA	14.081	NA	3.8	TRUE	1,2	HCYL3DRX5	A00901	B	240726	NA	NA	NA	NA	UDP0097
SouvenirHanover.D	CAGCAATCGTATACATCACA	UDISetB	A02	Feces	Redding	ARCS	1667120	SouvenirHanover	Horse	7	72H			A	2	A02	2	NA	NA	NA	NA	NA	NA	P2.9	NA	NA	NA	77.982	NA	NA	NA	NA	A02	17.536	NA	NA	NA	17.536	NA	1.5	TRUE	1,2	HCYL3DRX5	A00901	B	240726	NA	NA	NA	NA	UDP0105
Maximus.D	GAATTACAAGCTGAGCCGGT	UDISetB	A03	Feces	Redding	ARCS	1667128	Maximus	Horse	6	72H			A	3	A03	2	NA	NA	NA	NA	NA	NA	P2.17	NA	NA	NA	95.133	NA	NA	NA	NA	A03	5.128	NA	NA	NA	5.128	NA	6	TRUE	1,2	HCYL3DRX5	A00901	B	240726	NA	NA	NA	NA	UDP0113
BridledAssurance.A	AGAGAACCTATAGCATAACC	UDISetB	A04	Feces	Redding	ARCS	1667135	BridledAssurance	Horse	0	24H			A	4	A04	2	NA	NA	NA	NA	NA	NA	P2.25	NA	NA	NA	18.746	NA	NA	NA	NA	A04	3.521	NA	NA	NA	3.521	NA	14	TRUE	1,2	HCYL3DRX5	A00901	B	240726	NA	NA	NA	NA	UDP0121
Tango.A	TCTAGGCGCGTTAACCTTCG	UDISetB	A05	Feces	Redding	ARCS	1667143	Tango	Horse	0	72H			A	5	A05	2	NA	NA	NA	NA	NA	NA	P2.33	NA	NA	NA	13.211	NA	NA	NA	NA	A05	2.52	NA	NA	NA	2.52	NA	14	TRUE	1,2	HCYL3DRX5	A00901	B	240726	NA	NA	NA	NA	UDP0129
Poppi.A	CCGGTTCCTACTCGAATATA	UDISetB	A06	Feces	Redding	ARCS	1667151	Poppi	Horse	0	24H			A	6	A06	2	NA	NA	NA	NA	NA	NA	P2.41	NA	NA	NA	13.755	NA	NA	NA	NA	A06	9.522	NA	NA	NA	9.522	NA	10.9	TRUE	1,2	HCYL3DRX5	A00901	B	240726	NA	NA	NA	NA	UDP0137
Imani.A	TATGATGGCCTATGACAATC	UDISetB	A07	Feces	Redding	ARCS	1667159	Imani	Horse	0	72H			A	7	A07	2	NA	NA	NA	NA	NA	NA	P2.49	NA	NA	NA	20.037	NA	NA	NA	NA	A07	10.711	NA	NA	NA	10.711	NA	8.1	TRUE	1,2	HCYL3DRX5	A00901	B	240726	NA	NA	NA	NA	UDP0145
Miranda.D	CCACGCTGAACTGAGGAATA	UDISetB	A08	Feces	Redding	ARCS	1667166	Miranda	Horse	2	72H			A	8	A08	2	NA	NA	NA	NA	NA	NA	P2.57	NA	NA	NA	26.999	NA	NA	NA	NA	A08	5.018	NA	NA	NA	5.018	NA	11.5	TRUE	1,2	HCYL3DRX5	A00901	B	240726	NA	NA	NA	NA	UDP0153
VincentVanWhoa.D	AATTCCATCTGTAACTGAAG	UDISetB	A09	Feces	Redding	ARCS	1667174	VincentVanWhoa	Horse	3	24H			A	9	A09	2	NA	NA	NA	NA	NA	NA	P2.65	NA	NA	NA	0.291	NA	NA	NA	NA	A09	1.413	NA	NA	NA	1.413	NA	14	TRUE	1,2	HCYL3DRX5	A00901	B	240726	NA	NA	NA	NA	UDP0161
Mari.A	ATGTTGTTGGTCATAGATTG	UDISetB	A10	Feces	Redding	ARCS	1667181	Mari	Horse	0	72H			A	10	A10	2	NA	NA	NA	NA	NA	NA	P2.73	NA	NA	NA	35.623	NA	NA	NA	NA	A10	3.048	NA	NA	NA	3.048	NA	14	TRUE	1,2	HCYL3DRX5	A00901	B	240726	NA	NA	NA	NA	UDP0169
BozmansHoneybee.A	CTCGAATATATCGACATCTC	UDISetB	A11	Feces	Redding	ARCS	1667189	BozmansHoneybee	Horse	0	Med			A	11	A11	2	NA	NA	NA	NA	NA	NA	P2.81	NA	NA	NA	9.673	NA	NA	NA	NA	A11	4.227	NA	NA	NA	4.227	NA	14	TRUE	1,2	HCYL3DRX5	A00901	B	240726	NA	NA	NA	NA	UDP0177
Dusty.A	ACGGTCCAACTGATGTAAGA	UDISetB	A12	Feces	Redding	ARCS	1667197	Dusty	Horse	0	Med			A	12	A12	2	NA	NA	NA	NA	NA	NA	P2.89	NA	NA	NA	2.661	NA	NA	NA	NA	A12	3.665	NA	NA	NA	3.665	NA	14	TRUE	1,2	HCYL3DRX5	A00901	B	240726	NA	NA	NA	NA	UDP0185
HS55.D30	CACTCAATTCCACAACTTAA	UDISetB	B01	Feces	Redding	REMBRANDT	NA	HS55	Human	30	Pet Owner			B	1	B01	2	NA	NA	NA	NA	NA	NA	NA	NA	NA	NA	14.275	NA	NA	NA	NA	B01	7.636	NA	NA	NA	7.636	NA	3.8	TRUE	1,2	HCYL3DRX5	A00901	B	240726	NA	NA	NA	NA	UDP0098
TalkOfTheDown.A	TTCTGTAGAATATTGCGCTC	UDISetB	B02	Feces	Redding	ARCS	1667121	TalkOfTheDown	Horse	0	24H			B	2	B02	2	NA	NA	NA	NA	NA	NA	P2.10	NA	NA	NA	38.076	NA	NA	NA	NA	B02	7.987	NA	NA	NA	7.987	NA	6	TRUE	1,2	HCYL3DRX5	A00901	B	240726	NA	NA	NA	NA	UDP0106
WhosCozy.A	TAGAATTGGATCAGATTAAC	UDISetB	B03	Feces	Redding	ARCS	1667129	WhosCozy	Horse	0	24H			B	3	B03	2	NA	NA	NA	NA	NA	NA	P2.18	NA	NA	NA	38.346	NA	NA	NA	NA	B03	10.619	NA	NA	NA	10.619	NA	3.1	TRUE	1,2	HCYL3DRX5	A00901	B	240726	NA	NA	NA	NA	UDP0114
BridledAssurance.D	GATATTGTGTACCGTGTGGT	UDISetB	B04	Feces	Redding	ARCS	1667136	BridledAssurance	Horse	4	24H			B	4	B04	2	NA	NA	NA	NA	NA	NA	P2.26	NA	NA	NA	38.455	NA	NA	NA	NA	B04	8.573	NA	NA	NA	8.573	NA	5.1	TRUE	1,2	HCYL3DRX5	A00901	B	240726	NA	NA	NA	NA	UDP0122
Tango.D	ATAGCCAAGACAGTGGCACT	UDISetB	B05	Feces	Redding	ARCS	1667144	Tango	Horse	3	72H			B	5	B05	2	NA	NA	NA	NA	NA	NA	P2.34	NA	NA	NA	2.337	NA	NA	NA	NA	B05	4.689	NA	NA	NA	4.689	NA	14	TRUE	1,2	HCYL3DRX5	A00901	B	240726	NA	NA	NA	NA	UDP0130
Poppi.D	GGCCAATATTTATCGGACCG	UDISetB	B06	Feces	Redding	ARCS	1667152	Poppi	Horse	5	24H			B	6	B06	2	NA	NA	NA	NA	NA	NA	P2.42	NA	NA	NA	79.239	NA	NA	NA	NA	B06	9.541	NA	NA	NA	9.541	NA	7.4	TRUE	1,2	HCYL3DRX5	A00901	B	240726	NA	NA	NA	NA	UDP0138
Imani.D	CGCAGCAATTATAGCGGAAT	UDISetB	B07	Feces	Redding	ARCS	1667160	Imani	Horse	6	72H			B	7	B07	2	NA	NA	NA	NA	NA	NA	P2.50	NA	NA	NA	27.725	NA	NA	NA	NA	B07	7.89	NA	NA	NA	7.89	NA	5	TRUE	1,2	HCYL3DRX5	A00901	B	240726	NA	NA	NA	NA	UDP0146
Tako.A	GTTCGGAGTTTCAGAAGGCG	UDISetB	B08	Feces	Redding	ARCS	1667167	Tako	Horse	0	72H			B	8	B08	2	NA	NA	NA	NA	NA	NA	P2.58	NA	NA	NA	17.196	NA	NA	NA	NA	B08	2.635	NA	NA	NA	2.635	NA	14	TRUE	1,2	HCYL3DRX5	A00901	B	240726	NA	NA	NA	NA	UDP0154
MsMacAndCheese.A	TTAACGGTGTACGGTCAGGA	UDISetB	B09	Feces	Redding	ARCS	1667175	MsMacAndCheese	Horse	0	24H			B	9	B09	2	NA	NA	NA	NA	NA	NA	P2.66	NA	NA	NA	5.033	NA	NA	NA	NA	B09	7.953	NA	NA	NA	7.953	NA	14	TRUE	1,2	HCYL3DRX5	A00901	B	240726	NA	NA	NA	NA	UDP0162
Mari.D	GCACCACCAAATCAGTACCA	UDISetB	B10	Feces	Redding	ARCS	1667182	Mari	Horse	7	72H			B	10	B10	2	NA	NA	NA	NA	NA	NA	P2.74	NA	NA	NA	0.095	NA	NA	NA	NA	B10	0.229	0.435	NA	NA	0.435	NA	14	TRUE	1,2	HCYL3DRX5	A00901	B	240726	NA	NA	NA	NA	UDP0170
BozmansHoneybee.D	GATCGTCGCGACATATCCAG	UDISetB	B11	Feces	Redding	ARCS	1667190	BozmansHoneybee	Horse	6	Med			B	11	B11	2	NA	NA	NA	NA	NA	NA	P2.82	NA	NA	NA	34.8	NA	NA	NA	NA	B11	1.302	NA	NA	NA	1.302	NA	14	TRUE	1,2	HCYL3DRX5	A00901	B	240726	NA	NA	NA	NA	UDP0178
Dusty.D	GTAACTTGGTAGGTATGGCG	UDISetB	B12	Feces	Redding	ARCS	1667198	Dusty	Horse	8	Med			B	12	B12	2	NA	NA	NA	NA	NA	NA	P2.90	NA	NA	NA	71.865	NA	NA	NA	NA	B12	3.839	NA	NA	NA	3.839	NA	14	TRUE	1,2	HCYL3DRX5	A00901	B	240726	NA	NA	NA	NA	UDP0186
DS55.D0	TCTCACACGCTCACTGTCCG	UDISetB	C01	Feces	Redding	REMBRANDT	NA	DS55	Dog	0	Pet Owner			C	1	C01	2	NA	NA	NA	NA	NA	NA	NA	NA	NA	NA	98.729	NA	NA	NA	NA	C01	14.629	NA	NA	NA	14.629	NA	5.1	TRUE	1,2	HCYL3DRX5	A00901	B	240726	NA	NA	NA	NA	UDP0099
TalkOfTheDown.D	GAACGCAATAACAGTAAGAT	UDISetB	C02	Feces	Redding	ARCS	1667122	TalkOfTheDown	Horse	5	24H			C	2	C02	2	NA	NA	NA	NA	NA	NA	P2.11	NA	NA	NA	6.61	NA	NA	NA	NA	C02	9.743	NA	NA	NA	9.743	NA	7	TRUE	1,2	HCYL3DRX5	A00901	B	240726	NA	NA	NA	NA	UDP0107
WhosCozy.D	AGGCAGCTCTACGTTAGCCG	UDISetB	C03	Feces	Redding	ARCS	1667130	WhosCozy	Horse	4	24H			C	3	C03	2	NA	NA	NA	NA	NA	NA	P2.19	NA	NA	NA	35.639	NA	NA	NA	NA	C03	7.039	NA	NA	NA	7.039	NA	6	TRUE	1,2	HCYL3DRX5	A00901	B	240726	NA	NA	NA	NA	UDP0115
CJLeopold.A	CGTACAGGAAAGAGAACCTA	UDISetB	C04	Feces	Redding	ARCS	1667137	CJLeopold	Horse	0	24H			C	4	C04	2	NA	NA	NA	NA	NA	NA	P2.27	NA	NA	NA	31.367	NA	NA	NA	NA	C04	6.189	NA	NA	NA	6.189	NA	9.8	TRUE	1,2	HCYL3DRX5	A00901	B	240726	NA	NA	NA	NA	UDP0123
Niko.A	TTCGGTGTGAATACTTGTTC	UDISetB	C05	Feces	Redding	ARCS	1667145	Niko	Horse	0	24H			C	5	C05	2	NA	NA	NA	NA	NA	NA	P2.35	NA	NA	NA	93.667	NA	NA	NA	NA	C05	7.144	NA	NA	NA	7.144	NA	8.6	TRUE	1,2	HCYL3DRX5	A00901	B	240726	NA	NA	NA	NA	UDP0131
Mocha.A	GAATACCTATACTCTATTGT	UDISetB	C06	Feces	Redding	ARCS	1667153	Mocha	Horse	0	24H			C	6	C06	2	NA	NA	NA	NA	NA	NA	P2.43	NA	NA	NA	4.296	NA	NA	NA	NA	C06	10.083	NA	NA	NA	10.083	NA	7.4	TRUE	1,2	HCYL3DRX5	A00901	B	240726	NA	NA	NA	NA	UDP0139
Levi.A	ACGTTCCTTACACAGCGGTC	UDISetB	C07	Feces	Redding	ARCS	1667161	Levi	Horse	0	24H			C	7	C07	2	NA	NA	NA	NA	NA	NA	P2.51	NA	NA	NA	20.178	NA	NA	NA	NA	C07	7.988	NA	NA	NA	7.988	NA	12	TRUE	1,2	HCYL3DRX5	A00901	B	240726	NA	NA	NA	NA	UDP0147
Tako.D	ATAGCGGAATTACTCTGCGC	UDISetB	C08	Feces	Redding	ARCS	1667168	Tako	Horse	5	72H			C	8	C08	2	NA	NA	NA	NA	NA	NA	P2.59	NA	NA	NA	22.386	NA	NA	NA	NA	C08	3.092	NA	NA	NA	3.092	NA	14	TRUE	1,2	HCYL3DRX5	A00901	B	240726	NA	NA	NA	NA	UDP0155
DNAfreewater3.20240501	ACTTGTTATCTCTAGGCGCG	UDISetB	C09	DNA-free water	NA	NA	NA	NA	NA	NA	NA	NA	NA	C	9	C09	2	NA	NA	NA	NA	NA	NA	NA	NA	NA	NA	0.088	NA	NA	NA	NA	C09	0.224	NA	NA	NA	0.224	NA	1.5	TRUE	1,2	HCYL3DRX5	A00901	B	240726	NA	NA	NA	NA	UDP0163
FurestJameson.A	AGGCGTTCGCGTTGGATGAA	UDISetB	C10	Feces	Redding	ARCS	1667183	FurestJameson	Horse	0	72H			C	10	C10	2	NA	NA	NA	NA	NA	NA	P2.75	NA	NA	NA	5.992	NA	NA	NA	NA	C10	5.058	NA	NA	NA	5.058	NA	14	TRUE	1,2	HCYL3DRX5	A00901	B	240726	NA	NA	NA	NA	UDP0171
OrashansChynnaDoll.A	TATCCGAGGCCTTATTGGCC	UDISetB	C11	Feces	Redding	ARCS	1667191	OrashansChynnaDoll	Horse	0	Med			C	11	C11	2	NA	NA	NA	NA	NA	NA	P2.83	NA	NA	NA	19.725	NA	NA	NA	NA	C11	1.936	NA	NA	NA	1.936	NA	14	TRUE	1,2	HCYL3DRX5	A00901	B	240726	NA	NA	NA	NA	UDP0179
Frankie.A	AGCGCCACACAAGACATTAG	UDISetB	C12	Feces	Redding	ARCS	1667199	Frankie	Horse	0	24H			C	12	C12	2	NA	NA	NA	NA	NA	NA	P2.91	NA	NA	NA	22.793	NA	NA	NA	NA	C12	1.262	NA	NA	NA	1.262	NA	14	TRUE	1,2	HCYL3DRX5	A00901	B	240726	NA	NA	NA	NA	UDP0187
DS55.D3	TCAATGGAGAGTTGTAGTGC	UDISetB	D01	Feces	Redding	REMBRANDT	NA	DS55	Dog	3	Pet Owner			D	1	D01	2	NA	NA	NA	NA	NA	NA	NA	NA	NA	NA	40.231	NA	NA	NA	NA	D01	10.553	NA	NA	NA	10.553	NA	8.3	TRUE	1,2	HCYL3DRX5	A00901	B	240726	NA	NA	NA	NA	UDP0100
Bunky.A	AGTACTCATGACCACGACAT	UDISetB	D02	Feces	Redding	ARCS	1667123	Bunky	Horse	0	24H			D	2	D02	2	NA	NA	NA	NA	NA	NA	P2.12	NA	NA	NA	24.618	NA	NA	NA	NA	D02	9.103	NA	NA	NA	9.103	NA	8.8	TRUE	1,2	HCYL3DRX5	A00901	B	240726	NA	NA	NA	NA	UDP0108
TheyCallThisLopin.A	ATCGGCGAAGAATTCTTGGA	UDISetB	D03	Feces	Redding	ARCS	1667131	TheyCallThisLopin	Horse	0	72H			D	3	D03	2	NA	NA	NA	NA	NA	NA	P2.20	NA	NA	NA	24.025	NA	NA	NA	NA	D03	6.737	NA	NA	NA	6.737	NA	5.9	TRUE	1,2	HCYL3DRX5	A00901	B	240726	NA	NA	NA	NA	UDP0116
CJLeopold.D	CTGCGTTACCTCGAGCCATA	UDISetB	D04	Feces	Redding	ARCS	1667138	CJLeopold	Horse	3	24H			D	4	D04	2	NA	NA	NA	NA	NA	NA	P2.28	NA	NA	NA	91.679	NA	NA	NA	NA	D04	10.448	NA	NA	NA	10.448	NA	9.1	TRUE	1,2	HCYL3DRX5	A00901	B	240726	NA	NA	NA	NA	UDP0124
Niko.D	ATGTAACGTTCAGCAATCGT	UDISetB	D05	Feces	Redding	ARCS	1667146	Niko	Horse	9	24H			D	5	D05	2	NA	NA	NA	NA	NA	NA	P2.36	NA	NA	NA	63.214	NA	NA	NA	NA	D05	6.801	NA	NA	NA	6.801	NA	10.1	TRUE	1,2	HCYL3DRX5	A00901	B	240726	NA	NA	NA	NA	UDP0132
Mocha.D	TACGTGAAGGCTAATAACCG	UDISetB	D06	Feces	Redding	ARCS	1667154	Mocha	Horse	5	24H			D	6	D06	2	NA	NA	NA	NA	NA	NA	P2.44	NA	NA	NA	30.321	NA	NA	NA	NA	D06	8.794	NA	NA	NA	8.794	NA	10.7	TRUE	1,2	HCYL3DRX5	A00901	B	240726	NA	NA	NA	NA	UDP0140
Levi.D	CCGCGTATAGCCGGTTCCTA	UDISetB	D07	Feces	Redding	ARCS	1667162	Levi	Horse	7	24H			D	7	D07	2	NA	NA	NA	NA	NA	NA	P2.52	NA	NA	NA	30.626	NA	NA	NA	NA	D07	5.331	NA	NA	NA	5.331	NA	14	TRUE	1,2	HCYL3DRX5	A00901	B	240726	NA	NA	NA	NA	UDP0148
MondayMorningQ.A	GCAATATTCAAATTGGCGCC	UDISetB	D08	Feces	Redding	ARCS	1667169	MondayMorningQ	Horse	0	24H			D	8	D08	2	NA	NA	NA	NA	NA	NA	P2.60	NA	NA	NA	31.539	NA	NA	NA	NA	D08	5.276	NA	NA	NA	5.276	NA	14	TRUE	1,2	HCYL3DRX5	A00901	B	240726	NA	NA	NA	NA	UDP0156
MsMacAndCheese.D	CGTGTACCAGAACTTATCCT	UDISetB	D09	Feces	Redding	ARCS	1667176	MsMacAndCheese	Horse	4	24H			D	9	D09	2	NA	NA	NA	NA	NA	NA	P2.68	NA	NA	NA	2.271	NA	NA	NA	NA	D09	3.233	NA	NA	NA	3.233	NA	14	TRUE	1,2	HCYL3DRX5	A00901	B	240726	NA	NA	NA	NA	UDP0164
FurestJameson.D	CCTCCGGTTGTGGTGTTATG	UDISetB	D10	Feces	Redding	ARCS	1667184	FurestJameson	Horse	5	72H			D	10	D10	2	NA	NA	NA	NA	NA	NA	P2.76	NA	NA	NA	48.591	NA	NA	NA	NA	D10	1.906	NA	NA	NA	1.906	NA	14	TRUE	1,2	HCYL3DRX5	A00901	B	240726	NA	NA	NA	NA	UDP0172
OrashansChynnaDoll.D	CGCTGTCTCAGGTGAGTAAT	UDISetB	D11	Feces	Redding	ARCS	1667192	OrashansChynnaDoll	Horse	3	Med			D	11	D11	2	NA	NA	NA	NA	NA	NA	P2.84	NA	NA	NA	36.675	NA	NA	NA	NA	D11	2.129	NA	NA	NA	2.129	NA	14	TRUE	1,2	HCYL3DRX5	A00901	B	240726	NA	NA	NA	NA	UDP0180
Frankie.D	TGCTACTGCCCCTCCGGTTG	UDISetB	D12	Feces	Redding	ARCS	1667200	Frankie	Horse	7	24H			D	12	D12	2	NA	NA	NA	NA	NA	NA	P2.92	NA	NA	NA	74.135	NA	NA	NA	NA	D12	4.085	NA	NA	NA	4.085	NA	14	TRUE	1,2	HCYL3DRX5	A00901	B	240726	NA	NA	NA	NA	UDP0188
DS55.D10	ATATGCATGTCCAGGCACCA	UDISetB	E01	Feces	Redding	REMBRANDT	NA	DS55	Dog	10	Pet Owner			E	1	E01	2	NA	NA	NA	NA	NA	NA	NA	NA	NA	NA	24.587	NA	NA	NA	NA	E01	8.873	NA	NA	NA	8.873	NA	5.1	TRUE	1,2	HCYL3DRX5	A00901	B	240726	NA	NA	NA	NA	UDP0101
Bunky.D	GGTAGAATTATGATGGCTAC	UDISetB	E02	Feces	Redding	ARCS	1667124	Bunky	Horse	7	24H			E	2	E02	2	NA	NA	NA	NA	NA	NA	P2.13	NA	NA	NA	68.109	NA	NA	NA	NA	E02	7.916	NA	NA	NA	7.916	NA	6.8	TRUE	1,2	HCYL3DRX5	A00901	B	240726	NA	NA	NA	NA	UDP0109
TheyCallThisLopin.D	CCGTGACCGACAACGTTCGG	UDISetB	E03	Feces	Redding	ARCS	1667132	TheyCallThisLopin	Horse	4	72H			E	3	E03	2	NA	NA	NA	NA	NA	NA	P2.21	NA	NA	NA	40.113	NA	NA	NA	NA	E03	5.657	NA	NA	NA	5.657	NA	12.4	TRUE	1,2	HCYL3DRX5	A00901	B	240726	NA	NA	NA	NA	UDP0117
Shadow.A	AGGCCGTGGAAACGCACGAG	UDISetB	E04	Feces	Redding	ARCS	1667139	Shadow	Horse	0	72H			E	4	E04	2	NA	NA	NA	NA	NA	NA	P2.29	NA	NA	NA	64.746	NA	NA	NA	NA	E04	9.626	NA	NA	NA	9.626	NA	9.8	TRUE	1,2	HCYL3DRX5	A00901	B	240726	NA	NA	NA	NA	UDP0125
Arianna.A	AACGAGGCCGATCCAGGTAT	UDISetB	E05	Feces	Redding	ARCS	1667147	Arianna	Horse	0	24H			E	5	E05	2	NA	NA	NA	NA	NA	NA	P2.37	NA	NA	NA	22.226	NA	NA	NA	NA	E05	6.829	NA	NA	NA	6.829	NA	8.7	TRUE	1,2	HCYL3DRX5	A00901	B	240726	NA	NA	NA	NA	UDP0133
Fillip.A	CTTATTGGCCACTTGTTATC	UDISetB	E06	Feces	Redding	ARCS	1667155	Fillip	Horse	0	72H			E	6	E06	2	NA	NA	NA	NA	NA	NA	P2.45	NA	NA	NA	12.831	NA	NA	NA	NA	E06	4.204	NA	NA	NA	4.204	NA	14	TRUE	1,2	HCYL3DRX5	A00901	B	240726	NA	NA	NA	NA	UDP0141
Extractemptywell3.20240501	GATTCTGAATGTCCACCGCT	UDISetB	E07	Empty well	NA	NA	NA	NA	NA	NA	NA	NA	NA	E	7	E07	2	NA	NA	NA	NA	NA	NA	P2.53	NA	NA	NA	0.096	NA	NA	NA	NA	E07	0.246	NA	NA	NA	0.246	NA	1.5	TRUE	1,2	HCYL3DRX5	A00901	B	240726	NA	NA	NA	NA	UDP0149
MondayMorningQ.D	CTAGATTGCGCGCCATATCT	UDISetB	E08	Feces	Redding	ARCS	1667170	MondayMorningQ	Horse	5	24H			E	8	E08	2	NA	NA	NA	NA	NA	NA	P2.61	NA	NA	NA	22.02	NA	NA	NA	NA	E08	7.043	NA	NA	NA	7.043	NA	12.7	TRUE	1,2	HCYL3DRX5	A00901	B	240726	NA	NA	NA	NA	UDP0157
Summit.A	TTAACCTTCGTGTCTGGCCT	UDISetB	E09	Feces	Redding	ARCS	1667177	Summit	Horse	0	24H			E	9	E09	2	NA	NA	NA	NA	NA	NA	P2.69	NA	NA	NA	7.449	NA	NA	NA	NA	E09	12.939	NA	NA	NA	12.939	NA	6.3	TRUE	1,2	HCYL3DRX5	A00901	B	240726	NA	NA	NA	NA	UDP0165
Harper.A	GTCCACCGCTGCTAATAGGA	UDISetB	E10	Feces	Redding	ARCS	1667185	Harper	Horse	0	72H			E	10	E10	2	NA	NA	NA	NA	NA	NA	P2.77	NA	NA	NA	20.173	NA	NA	NA	NA	E10	7.067	NA	NA	NA	7.067	NA	14	TRUE	1,2	HCYL3DRX5	A00901	B	240726	NA	NA	NA	NA	UDP0173
Paris.A	AATGCGAACATCCGCCAATT	UDISetB	E11	Feces	Redding	ARCS	1667193	Paris	Horse	0	Med			E	11	E11	2	NA	NA	NA	NA	NA	NA	P2.85	NA	NA	NA	22.034	NA	NA	NA	NA	E11	3.309	NA	NA	NA	3.309	NA	14	TRUE	1,2	HCYL3DRX5	A00901	B	240726	NA	NA	NA	NA	UDP0181
Vroom.A	CAACACCGCATGCTACTGCC	UDISetB	E12	Feces	Redding	ARCS	1667201	Vroom	Horse	0				E	12	E12	2	NA	NA	NA	NA	NA	NA	P2.93	NA	NA	NA	9.848	NA	NA	NA	NA	E12	9.402	NA	NA	NA	9.402	NA	14	TRUE	1,2	HCYL3DRX5	A00901	B	240726	NA	NA	NA	NA	UDP0189
DS55.D30	ATGGCGCCTGAGGCCGTGGA	UDISetB	F01	Feces	Redding	REMBRANDT	NA	DS55	Dog	30	Pet Owner			F	1	F01	2	NA	NA	NA	NA	NA	NA	NA	NA	NA	NA	8.436	NA	NA	NA	NA	F01	9.918	NA	NA	NA	9.918	NA	8.1	TRUE	1,2	HCYL3DRX5	A00901	B	240726	NA	NA	NA	NA	UDP0102
Vienna.A	TAATTAGCGTTTCTTAACCA	UDISetB	F02	Feces	Redding	ARCS	1667125	Vienna	Horse	0	24H			F	2	F02	2	NA	NA	NA	NA	NA	NA	P2.14	NA	NA	NA	16.744	NA	NA	NA	NA	F02	6.223	NA	NA	NA	6.223	NA	8.9	TRUE	1,2	HCYL3DRX5	A00901	B	240726	NA	NA	NA	NA	UDP0110
Particular.A	ATACTTGTTCTCGGCGGTTA	UDISetB	F03	Feces	Redding	ARCS	1667133	Particular	Horse	0	72H			F	3	F03	2	NA	NA	NA	NA	NA	NA	P2.22	NA	NA	NA	27.706	NA	NA	NA	NA	F03	9.869	NA	NA	NA	9.869	NA	7.9	TRUE	1,2	HCYL3DRX5	A00901	B	240726	NA	NA	NA	NA	UDP0118
Shadow.D	AGGAGGTATCTGCCAACTGG	UDISetB	F04	Feces	Redding	ARCS	1667140	Shadow	Horse	5	72H			F	4	F04	2	NA	NA	NA	NA	NA	NA	P2.30	NA	NA	NA	93.024	NA	NA	NA	NA	F04	8.085	NA	NA	NA	8.085	NA	10.7	TRUE	1,2	HCYL3DRX5	A00901	B	240726	NA	NA	NA	NA	UDP0126
Arianna.D	TGGTGTTATGTAGAATTGGA	UDISetB	F05	Feces	Redding	ARCS	1667148	Arianna	Horse	6	24H			F	5	F05	2	NA	NA	NA	NA	NA	NA	P2.38	NA	NA	NA	31.529	NA	NA	NA	NA	F05	3.718	NA	NA	NA	3.718	NA	14	TRUE	1,2	HCYL3DRX5	A00901	B	240726	NA	NA	NA	NA	UDP0134
Fillip.D	ACAACTACTGTGTGATAACT	UDISetB	F06	Feces	Redding	ARCS	1667156	Fillip	Horse	4	72H			F	6	F06	2	NA	NA	NA	NA	NA	NA	P2.46	NA	NA	NA	24.245	NA	NA	NA	NA	F06	9.714	NA	NA	NA	9.714	NA	9	TRUE	1,2	HCYL3DRX5	A00901	B	240726	NA	NA	NA	NA	UDP0142
George.A	TAGAGAATACCGAATCTATA	UDISetB	F07	Feces	Redding	ARCS	1667163	George	Horse	0	72H			F	7	F07	2	NA	NA	NA	NA	NA	NA	P2.54	NA	NA	NA	13.316	NA	NA	NA	NA	F07	11.481	NA	NA	NA	11.481	NA	8.4	TRUE	1,2	HCYL3DRX5	A00901	B	240726	NA	NA	NA	NA	UDP0150
Finnegan.A	CGATGCGGTTACCAAGCAGG	UDISetB	F08	Feces	Redding	ARCS	1667171	Finnegan	Horse	0	24H			F	8	F08	2	NA	NA	NA	NA	NA	NA	P2.62	NA	NA	NA	21.763	NA	NA	NA	NA	F08	4.157	NA	NA	NA	4.157	NA	14	TRUE	1,2	HCYL3DRX5	A00901	B	240726	NA	NA	NA	NA	UDP0158
Summit.D	CATATGCGATCCGTTCAAGG	UDISetB	F09	Feces	Redding	ARCS	1667178	Summit	Horse	7	24H			F	9	F09	2	NA	NA	NA	NA	NA	NA	P2.70	NA	NA	NA	3.025	NA	NA	NA	NA	F09	6.912	NA	NA	NA	6.912	NA	14	TRUE	1,2	HCYL3DRX5	A00901	B	240726	NA	NA	NA	NA	UDP0166
Harper.D	ATTGTTCGTCAATCTAGAGA	UDISetB	F10	Feces	Redding	ARCS	1667186	Harper	Horse	4	72H			F	10	F10	2	NA	NA	NA	NA	NA	NA	P2.78	NA	NA	NA	41.685	NA	NA	NA	NA	F10	2.041	NA	NA	NA	2.041	NA	14	TRUE	1,2	HCYL3DRX5	A00901	B	240726	NA	NA	NA	NA	UDP0174
Paris.D	AATTCTTGGAAAGTTGACAA	UDISetB	F11	Feces	Redding	ARCS	1667194	Paris	Horse	4	Med			F	11	F11	2	NA	NA	NA	NA	NA	NA	P2.86	NA	NA	NA	90.723	NA	NA	NA	NA	F11	5.816	NA	NA	NA	5.816	NA	14	TRUE	1,2	HCYL3DRX5	A00901	B	240726	NA	NA	NA	NA	UDP0182
Vroom.D	CACCTTAATCTCTATCCTAA	UDISetB	F12	Feces	Redding	ARCS	1667202	Vroom	Horse	12				F	12	F12	2	NA	NA	NA	NA	NA	NA	P2.94	NA	NA	NA	5.672	NA	NA	NA	NA	F12	4.557	NA	NA	NA	4.557	NA	14	TRUE	1,2	HCYL3DRX5	A00901	B	240726	NA	NA	NA	NA	UDP0190
Extractblankswab3.20240501	TCCGTTATGTTACACTACAA	UDISetB	G01	Blank swab	NA	NA	NA	NA	NA	NA	NA	NA	NA	G	1	G01	2	NA	NA	NA	NA	NA	NA	NA	NA	NA	NA	<0.000	NA	NA	NA	NA	G01	0.205	NA	NA	NA	0.205	NA	1.5	TRUE	1,2	HCYL3DRX5	A00901	B	240726	NA	NA	NA	NA	UDP0103
Vienna.D	ATTAACAAGGACGAACAACA	UDISetB	G02	Feces	Redding	ARCS	1667126	Vienna	Horse	3	24H			G	2	G02	2	NA	NA	NA	NA	NA	NA	P2.15	NA	NA	NA	35.548	NA	NA	NA	NA	G02	7.644	NA	NA	NA	7.644	NA	5.7	TRUE	1,2	HCYL3DRX5	A00901	B	240726	NA	NA	NA	NA	UDP0111
mockdna3.20240501	TCCGCCAATTCAGCACGGAG	UDISetB	G03	Mock DNA	NA	NA	NA	NA	NA	NA	NA	NA	NA	G	3	G03	2	NA	NA	NA	NA	NA	NA	NA	NA	NA	NA	0.1	NA	NA	NA	NA	G03	5.028	NA	NA	NA	5.028	NA	1.5	TRUE	1,2	HCYL3DRX5	A00901	B	240726	NA	NA	NA	NA	UDP0119
Bagel.A	GCTGACGTTGAATGCGAACA	UDISetB	G04	Feces	Redding	ARCS	1667141	Bagel	Horse	0	24H			G	4	G04	2	NA	NA	NA	NA	NA	NA	P2.31	NA	NA	NA	29.442	NA	NA	NA	NA	G04	6.885	NA	NA	NA	6.885	NA	7	TRUE	1,2	HCYL3DRX5	A00901	B	240726	NA	NA	NA	NA	UDP0127
LilBitoGlory.A	TGGCCTCTGTCGCTGTCTCA	UDISetB	G05	Feces	Redding	ARCS	1667149	LilBitoGlory	Horse	0	24H			G	5	G05	2	NA	NA	NA	NA	NA	NA	P2.39	NA	NA	NA	46.54	NA	NA	NA	NA	G05	4.163	NA	NA	NA	4.163	NA	14	TRUE	1,2	HCYL3DRX5	A00901	B	240726	NA	NA	NA	NA	UDP0135
Annie.A	GTTGGATGAATTACCTGGAA	UDISetB	G06	Feces	Redding	ARCS	1667157	Annie	Horse	0	72H			G	6	G06	2	NA	NA	NA	NA	NA	NA	P2.47	NA	NA	NA	7.953	NA	NA	NA	NA	G06	9.999	NA	NA	NA	9.999	NA	9.4	TRUE	1,2	HCYL3DRX5	A00901	B	240726	NA	NA	NA	NA	UDP0143
George.D	TTGTATCAGGTGGCCTCTGT	UDISetB	G07	Feces	Redding	ARCS	1667164	George	Horse	3	72H			G	7	G07	2	NA	NA	NA	NA	NA	NA	P2.55	NA	NA	NA	17.499	NA	NA	NA	NA	G07	12.339	NA	NA	NA	12.339	NA	6.8	TRUE	1,2	HCYL3DRX5	A00901	B	240726	NA	NA	NA	NA	UDP0151
Finnegan.D	TCCGGACTAGATTGTTCGTC	UDISetB	G08	Feces	Redding	ARCS	1667172	Finnegan	Horse	4	24H			G	8	G08	2	NA	NA	NA	NA	NA	NA	P2.63	NA	NA	NA	10.171	NA	NA	NA	NA	G08	5.205	NA	NA	NA	5.205	NA	14	TRUE	1,2	HCYL3DRX5	A00901	B	240726	NA	NA	NA	NA	UDP0159
Trojan.A	AGCCTATGATGTAGGTGGTG	UDISetB	G09	Feces	Redding	ARCS	1667179	Trojan	Horse	0	24H			G	9	G09	2	NA	NA	NA	NA	NA	NA	P2.71	NA	NA	NA	20.035	NA	NA	NA	NA	G09	5.111	NA	NA	NA	5.111	NA	14	TRUE	1,2	HCYL3DRX5	A00901	B	240726	NA	NA	NA	NA	UDP0167
HometownFav.A	GGACCAGTGGTAGGCTCGCG	UDISetB	G10	Feces	Redding	ARCS	1667187	HometownFav	Horse	0	24H			G	10	G10	2	NA	NA	NA	NA	NA	NA	P2.79	NA	NA	NA	17.442	NA	NA	NA	NA	G10	9.117	NA	NA	NA	9.117	NA	13.6	TRUE	1,2	HCYL3DRX5	A00901	B	240726	NA	NA	NA	NA	UDP0175
ChamplainsDream.A	TTCCTACAGCAGAATTCGCC	UDISetB	G11	Feces	Redding	ARCS	1667195	ChamplainsDream	Horse	0	Med			G	11	G11	2	NA	NA	NA	NA	NA	NA	P2.87	NA	NA	NA	29.143	NA	NA	NA	NA	G11	3.446	NA	NA	NA	3.446	NA	14	TRUE	1,2	HCYL3DRX5	A00901	B	240726	NA	NA	NA	NA	UDP0183
SmartRistoKitten.A	TTGAATGTTGCTAGATTGCG	UDISetB	G12	Feces	Redding	ARCS	1667203	SmartRistoKitten	Horse	0	72H			G	12	G12	2	NA	NA	NA	NA	NA	NA	P2.95	NA	NA	NA	36.03	NA	NA	NA	NA	G12	4.254	NA	NA	NA	4.254	NA	14	TRUE	1,2	HCYL3DRX5	A00901	B	240726	NA	NA	NA	NA	UDP0191
SouvenirHanover.A	GGTCTATTAACGTGTCGTGG	UDISetB	H01	Feces	Redding	ARCS	1667119	SouvenirHanover	Horse	0	72H			H	1	H01	2	NA	NA	NA	NA	NA	NA	P2.8	NA	NA	NA	23.895	NA	NA	NA	NA	H01	5.902	NA	NA	NA	5.902	NA	11.6	TRUE	1,2	HCYL3DRX5	A00901	B	240726	NA	NA	NA	NA	UDP0104
Maximus.A	TGATGGCTACATGTTGTTGG	UDISetB	H02	Feces	Redding	ARCS	1667127	Maximus	Horse	0	72H			H	2	H02	2	NA	NA	NA	NA	NA	NA	P2.16	NA	NA	NA	24.119	NA	NA	NA	NA	H02	4.346	NA	NA	NA	4.346	NA	5.7	TRUE	1,2	HCYL3DRX5	A00901	B	240726	NA	NA	NA	NA	UDP0112
Particular.D	AGGACAGGCCAGCTGGAATG	UDISetB	H03	Feces	Redding	ARCS	1667134	Particular	Horse	6	72H			H	3	H03	2	NA	NA	NA	NA	NA	NA	P2.24	NA	NA	NA	59.543	NA	NA	NA	NA	H03	5.958	NA	NA	NA	5.958	NA	11.2	TRUE	1,2	HCYL3DRX5	A00901	B	240726	NA	NA	NA	NA	UDP0120
Bagel.D	CTAATAACCGCGATGCGGTT	UDISetB	H04	Feces	Redding	ARCS	1667142	Bagel	Horse	6	24H			H	4	H04	2	NA	NA	NA	NA	NA	NA	P2.32	NA	NA	NA	6.141	NA	NA	NA	NA	H04	14.641	NA	NA	NA	14.641	NA	3.7	TRUE	1,2	HCYL3DRX5	A00901	B	240726	NA	NA	NA	NA	UDP0128
LilBitoGlory.D	CCAGGCACCATAATTAGCGT	UDISetB	H05	Feces	Redding	ARCS	1667150	LilBitoGlory	Horse	6	24H			H	5	H05	2	NA	NA	NA	NA	NA	NA	P2.40	NA	NA	NA	107.478	NA	NA	NA	NA	H05	4.962	NA	NA	NA	4.962	NA	10.8	TRUE	1,2	HCYL3DRX5	A00901	B	240726	NA	NA	NA	NA	UDP0136
Annie.D	AATCCAATTGCCTCTACATG	UDISetB	H06	Feces	Redding	ARCS	1667158	Annie	Horse	4	72H			H	6	H06	2	NA	NA	NA	NA	NA	NA	P2.48	NA	NA	NA	35.824	NA	NA	NA	NA	H06	9.913	NA	NA	NA	9.913	NA	8.8	TRUE	1,2	HCYL3DRX5	A00901	B	240726	NA	NA	NA	NA	UDP0144
Miranda.A	CACAGCGGTCCAATAGGAAT	UDISetB	H07	Feces	Redding	ARCS	1667165	Miranda	Horse	0	72H			H	7	H07	2	NA	NA	NA	NA	NA	NA	P2.56	NA	NA	NA	5.581	NA	NA	NA	NA	H07	3.884	NA	NA	NA	3.884	NA	14	TRUE	1,2	HCYL3DRX5	A00901	B	240726	NA	NA	NA	NA	UDP0152
VincentVanWhoa.A	GTGACGGAGCTGGACCGCCA	UDISetB	H08	Feces	Redding	ARCS	1667173	VincentVanWhoa	Horse	0	24H			H	8	H08	2	NA	NA	NA	NA	NA	NA	P2.64	NA	NA	NA	28.478	NA	NA	NA	NA	H08	7.777	NA	NA	NA	7.777	NA	14	TRUE	1,2	HCYL3DRX5	A00901	B	240726	NA	NA	NA	NA	UDP0160
Trojan.D	TATGACAATCATACAAGCAA	UDISetB	H09	Feces	Redding	ARCS	1667180	Trojan	Horse	3	24H			H	9	H09	2	NA	NA	NA	NA	NA	NA	P2.72	NA	NA	NA	29.121	NA	NA	NA	NA	H09	6.865	NA	NA	NA	6.865	NA	7.4	TRUE	1,2	HCYL3DRX5	A00901	B	240726	NA	NA	NA	NA	UDP0168
HometownFav.D	CCTTCTAACAAGAGCTTATC	UDISetB	H10	Feces	Redding	ARCS	1667188	HometownFav	Horse	5	24H			H	10	H10	2	NA	NA	NA	NA	NA	NA	P2.80	NA	NA	NA	66.337	NA	NA	NA	NA	H10	8.823	NA	NA	NA	8.823	NA	14	TRUE	1,2	HCYL3DRX5	A00901	B	240726	NA	NA	NA	NA	UDP0176
ChamplainsDream.D	ATCCAGGTATGCTGACGTTG	UDISetB	H11	Feces	Redding	ARCS	1667196	ChamplainsDream	Horse	4	Med			H	11	H11	2	NA	NA	NA	NA	NA	NA	P2.88	NA	NA	NA	61.453	NA	NA	NA	NA	H11	7.267	NA	NA	NA	7.267	NA	14	TRUE	1,2	HCYL3DRX5	A00901	B	240726	NA	NA	NA	NA	UDP0184
SmartRistoKitten.D	CCGGTAACACAGTACAACTC	UDISetB	H12	Feces	Redding	ARCS	1667204	SmartRistoKitten	Horse	6	72H			H	12	H12	2	NA	NA	NA	NA	NA	NA	P2.96	NA	NA	NA	53.089	NA	NA	NA	NA	H12	1.732	NA	NA	NA	1.732	NA	14	TRUE	1,2	HCYL3DRX5	A00901	B	240726	NA	NA	NA	NA	UDP0192
ReadyReward.A	TCTCATGATATCCACGTGTT	UDISetC	A01	Feces	Redding	ARCS	1667205	ReadyReward	Horse	0	72H			A	1	A01	3	NA	NA	NA	NA	NA	NA	P3.1	NA	NA	NA	78.444	NA	NA	NA	NA	A01	14.335	NA	NA	NA	14.335	NA	14	TRUE	1,2	HCYL3DRX5	A00901	B	240726	NA	NA	NA	NA	UDP0193
StPatricksDay.D	AACCGAGTTCTCCAGAGATC	UDISetC	A02	Feces	Redding	ARCS	1667212	StPatricksDay	Horse	5	24H			A	2	A02	3	NA	NA	NA	NA	NA	NA	P3.9	NA	NA	NA	21.851	NA	NA	NA	NA	A02	0.864	1.914	NA	NA	1.914	NA	14	TRUE	1,2	HCYL3DRX5	A00901	B	240726	NA	NA	NA	NA	UDP0201
Extractemptywell5.20240501	GCTAGACTATATGTCGTATT	UDISetC	A03	Empty well	NA	NA	NA	NA	NA	NA	NA	NA	NA	A	3	A03	3	NA	NA	NA	NA	NA	NA	P3.17	NA	NA	NA	<0.000	NA	NA	NA	NA	A03	0.135	NA	NA	NA	0.135	NA	1.5	TRUE	1,2	HCYL3DRX5	A00901	B	240726	NA	NA	NA	NA	UDP0209
ReadyReward.D	CGAGGCCAAGCCGGTAACAC	UDISetC	B01	Feces	Redding	ARCS	1667206	ReadyReward	Horse	5	72H			B	1	B01	3	NA	NA	NA	NA	NA	NA	P3.2	NA	NA	NA	51.037	NA	NA	NA	NA	B01	13.371	NA	NA	NA	13.371	NA	14	TRUE	1,2	HCYL3DRX5	A00901	B	240726	NA	NA	NA	NA	UDP0194
Winnie.A	TGTGATAACTATGGCGCCTG	UDISetC	B02	Feces	Redding	ARCS	1667213	Winnie	Horse	0	72H			B	2	B02	3	NA	NA	NA	NA	NA	NA	P3.10	NA	NA	NA	3.918	NA	NA	NA	NA	B02	1.343	NA	NA	NA	1.343	NA	14	TRUE	1,2	HCYL3DRX5	A00901	B	240726	NA	NA	NA	NA	UDP0202
DNAfreewater5.20240501	AGCTACTATAGCCATATAAC	UDISetC	B03	DNA-free water	NA	NA	NA	NA	NA	NA	NA	NA	NA	B	3	B03	3	NA	NA	NA	NA	NA	NA	NA	NA	NA	NA	NA	NA	NA	NA	NA	B03	0.158	0.151	NA	NA	0.151	NA	1.5	TRUE	1,2	HCYL3DRX5	A00901	B	240726	NA	NA	NA	NA	UDP0210
TheDingoAteYoBaby.A	TTCACGAGACGTAACAATCT	UDISetC	C01	Feces	Redding	ARCS	1667207	TheDingoAteYoBaby	Horse	0	24H			C	1	C01	3	NA	NA	NA	NA	NA	NA	P3.3	NA	NA	NA	25.14	NA	NA	NA	NA	C01	1.53	NA	NA	NA	1.53	NA	14	TRUE	1,2	HCYL3DRX5	A00901	B	240726	NA	NA	NA	NA	UDP0195
Winnie.D	AGTATGCTACGGTCTATTAA	UDISetC	C02	Feces	Redding	ARCS	1667214	Winnie	Horse	6	72H			C	2	C02	3	NA	NA	NA	NA	NA	NA	P3.11	NA	NA	NA	30.416	NA	NA	NA	NA	C02	0.232	0.817	NA	NA	0.817	NA	14	TRUE	1,2	HCYL3DRX5	A00901	B	240726	NA	NA	NA	NA	UDP0203
TheDingoAteYoBaby.D	GCGTGGATGGCATTGGTCAA	UDISetC	D01	Feces	Redding	ARCS	1667208	TheDingoAteYoBaby	Horse	5	24H			D	1	D01	3	NA	NA	NA	NA	NA	NA	P3.4	NA	NA	NA	32.795	NA	NA	NA	NA	D01	12.107	NA	NA	NA	12.107	NA	14	TRUE	1,2	HCYL3DRX5	A00901	B	240726	NA	NA	NA	NA	UDP0196
Starlight.A	GTAACTGAAGTCGCGACTCC	UDISetC	D02	Feces	Redding	ARCS	1667215	Starlight	Horse	0	24H			D	2	D02	3	NA	NA	NA	NA	NA	NA	P3.12	NA	NA	NA	23.175	NA	NA	NA	NA	D02	0.337	0.374	NA	NA	0.374	NA	14	TRUE	1,2	HCYL3DRX5	A00901	B	240726	NA	NA	NA	NA	UDP0204
SirWinston.A	TCCTGGTTGTTGCCGGTCAG	UDISetC	E01	Feces	Redding	ARCS	1667209	SirWinston	Horse	0	24H			E	1	E01	3	NA	NA	NA	NA	NA	NA	P3.5	NA	NA	NA	21.471	NA	NA	NA	NA	E01	18.89	NA	NA	NA	18.89	NA	14	TRUE	1,2	HCYL3DRX5	A00901	B	240726	NA	NA	NA	NA	UDP0197
Starlight.D	TCCTCGGACTCTCTGGCGTT	UDISetC	E02	Feces	Redding	ARCS	1667216	Starlight	Horse	5	24H			E	2	E02	3	NA	NA	NA	NA	NA	NA	P3.13	NA	NA	NA	25.494	NA	NA	NA	NA	E02	0.35	0.379	NA	NA	0.379	NA	14	TRUE	1,2	HCYL3DRX5	A00901	B	240726	NA	NA	NA	NA	UDP0205
SirWinston.D	TAATTCTGCTATTGATGAGA	UDISetC	F01	Feces	Redding	ARCS	1667210	SirWinston	Horse	7	24H			F	1	F01	3	NA	NA	NA	NA	NA	NA	P3.6	NA	NA	NA	32.747	NA	NA	NA	NA	F01	10.883	NA	NA	NA	10.883	NA	14	TRUE	1,2	HCYL3DRX5	A00901	B	240726	NA	NA	NA	NA	UDP0198
BlueP.A	CTGGAACTGTGTTAATTACG	UDISetC	F02	Feces	Redding	ARCS	1667217	BlueP	Horse	0	72H			F	2	F02	3	NA	NA	NA	NA	NA	NA	P3.14	NA	NA	NA	14.014	NA	NA	NA	NA	F02	0.442	0.533	NA	NA	0.533	NA	14	TRUE	1,2	HCYL3DRX5	A00901	B	240726	NA	NA	NA	NA	UDP0206
Extractblankswab5.20240501	CGCACGACTGCTGTTGGTCC	UDISetC	G01	Blank swab	NA	NA	NA	NA	NA	NA	NA	NA	NA	G	1	G01	3	NA	NA	NA	NA	NA	NA	P3.7	NA	NA	NA	<0.000	NA	NA	NA	NA	G01	0.187	NA	NA	NA	0.187	NA	1.5	TRUE	1,2	HCYL3DRX5	A00901	B	240726	NA	NA	NA	NA	UDP0199
BlueP.D	GAATATGCGGTCAGTCTCGT	UDISetC	G02	Feces	Redding	ARCS	1667218	BlueP	Horse	6	72H			G	2	G02	3	NA	NA	NA	NA	NA	NA	P3.15	NA	NA	NA	35.011	NA	NA	NA	NA	G02	0.912	0.309	NA	NA	0.912	NA	14	TRUE	1,2	HCYL3DRX5	A00901	B	240726	NA	NA	NA	NA	UDP0207
StPatricksDay.A	GAGGTTAGACGCAATACATT	UDISetC	H01	Feces	Redding	ARCS	1667211	StPatricksDay	Horse	0	24H			H	1	H01	3	NA	NA	NA	NA	NA	NA	P3.8	NA	NA	NA	86.038	NA	NA	NA	NA	H01	9.706	NA	NA	NA	9.706	NA	14	TRUE	1,2	HCYL3DRX5	A00901	B	240726	NA	NA	NA	NA	UDP0200
mockdna5.20240501	GATCGGATAACGGCCGATAC	UDISetC	H02	Mock DNA	NA	NA	NA	NA	NA	NA	NA	NA	NA	H	2	H02	3	NA	NA	NA	NA	NA	NA	NA	NA	NA	NA	<0.000	NA	NA	NA	NA	H02	0.911	1.05	NA	NA	1.05	NA	1.5	TRUE	1,2	HCYL3DRX5	A00901	B	240726	NA	NA	NA	NA	UDP0208
HS1.D0	AGATAGTAGCATGGCGTGCC	UDISetD	A01	Feces	Redding	REMBRANDT	NA	HS1	Human	0	Pet owner	amoxicilin	5/20/22	A	1	A01	1	NA	NA	NA	NA	NA	NA	NA	NA	NA	NA	39.79	NA	NA	NA	NA	A01	0.139	0.65	3.026	NA	3.026	NA	14	TRUE	1,2	HCYL3DRX5	A00901	B	240726	NA	NA	NA	NA	UDP0289
DS1.D30	GAAGACTAGAAAGTTCTAGT	UDISetD	A02	Feces	Redding	REMBRANDT	NA	DS1	dog	30	Pet owner			A	2	A02	1	NA	NA	NA	NA	NA	NA	NA	NA	NA	NA	3.898	NA	NA	NA	NA	A02	0.255	0.265	12.192	NA	12.192	NA	5.5	TRUE	1,2	HCYL3DRX5	A00901	B	240726	NA	NA	NA	NA	UDP0297
DS3.D10	ATACATCACATCAATGGAGA	UDISetD	A03	Feces	Redding	REMBRANDT	NA	DS3	Dog	10	Pet owner		9/2/22	A	3	A03	1	NA	NA	NA	NA	NA	NA	NA	NA	NA	NA	16.762	NA	NA	NA	NA	A03	0.204	0.288	5.624	NA	5.624	NA	8.6	TRUE	1,2	HCYL3DRX5	A00901	B	240726	NA	NA	NA	NA	UDP0305
HS11.D3	TTAATAGCACCAGACGTGGT	UDISetD	A04	Feces	Redding	REMBRANDT	NA	HS11	Human	3	Pet owner	amoxicilin	2/21/23	A	4	A04	1	NA	NA	NA	NA	NA	NA	NA	NA	NA	NA	85.815	NA	NA	NA	NA	A04	0.28	0.379	5.257	NA	5.257	NA	11	TRUE	1,2	HCYL3DRX5	A00901	B	240726	NA	NA	NA	NA	UDP0313
HS24.D0	TCGACGCTAGTTCGAAGAGG	UDISetD	A05	Feces	Redding	REMBRANDT	NA	HS24	human	0	Pet owner	amoxicilin	4/26/23	A	5	A05	1	NA	NA	NA	NA	NA	NA	NA	NA	NA	NA	59.217	NA	NA	NA	NA	A05	0.423	0.272	2.518	NA	2.518	NA	14	TRUE	1,2	HCYL3DRX5	A00901	B	240726	NA	NA	NA	NA	UDP0321
HS24.D90	GAGCTTGCCGCCTGCAACCT	UDISetD	A06	Feces	Redding	REMBRANDT	NA	HS24	Human	90	Pet owner	amoxicilin	7/26/23	A	6	A06	1	NA	NA	NA	NA	NA	NA	NA	NA	NA	NA	99.812	NA	NA	NA	NA	A06	0.473	0.217	3.143	NA	3.143	NA	14	TRUE	1,2	HCYL3DRX5	A00901	B	240726	NA	NA	NA	NA	UDP0329
HS33.D30	TGTAAGGTGGCCAAGGCCTT	UDISetD	A07	Feces	Redding	REMBRANDT	NA	HS33	Human	30	Pet owner	amoxicilin	6/6/23	A	7	A07	1	NA	NA	NA	NA	NA	NA	NA	NA	NA	NA	95.52	NA	NA	NA	NA	A07	0.561	0.21	2.831	NA	2.831	NA	14	TRUE	1,2	HCYL3DRX5	A00901	B	240726	NA	NA	NA	NA	UDP0337
HS35.D30	CTGAATTAGTCGATCGAATT	UDISetD	A08	Feces	Redding	REMBRANDT	NA	HS35	Human	30	Pet Owner	Amoxicillin		A	8	A08	1	NA	NA	NA	NA	NA	NA	NA	NA	NA	NA	91.541	NA	NA	NA	NA	A08	0.545	0.239	3.463	NA	3.463	NA	14	TRUE	1,2	HCYL3DRX5	A00901	B	240726	NA	NA	NA	NA	UDP0345
HS42.D3	GATATCACACACATATAGTC	UDISetD	A09	Feces	Redding	REMBRANDT	NA	HS42	Human	3	Pet Owner	Azithromycin		A	9	A09	1	NA	NA	NA	NA	NA	NA	NA	NA	NA	NA	54.854	NA	NA	NA	NA	A09	0.187	0.253	3.152	NA	3.152	NA	14	TRUE	1,2	HCYL3DRX5	A00901	B	240726	NA	NA	NA	NA	UDP0353
DS42.D30	GTGTACCTTCTAGCTCACAG	UDISetD	A10	Feces	Redding	REMBRANDT	NA	DS42	Dog	30	Pet Owner			A	10	A10	1	NA	NA	NA	NA	NA	NA	NA	NA	NA	NA	2.743	NA	NA	NA	NA	A10	0.531	0.312	1.402	NA	1.402	NA	14	TRUE	1,2	HCYL3DRX5	A00901	B	240726	NA	NA	NA	NA	UDP0361
DS47.D3	GCCATATAACGATATTGTGT	UDISetD	A11	Feces	Redding	REMBRANDT	NA	DS47	Dog	3	Pet Owner			A	11	A11	1	NA	NA	NA	NA	NA	NA	NA	NA	NA	NA	27.009	NA	NA	NA	NA	A11	0.178	0.321	1.616	NA	1.616	NA	14	TRUE	1,2	HCYL3DRX5	A00901	B	240726	NA	NA	NA	NA	UDP0369
HS52.D90	TGAGTACAACGTCCAAGCGT	UDISetD	A12	Feces	Redding	REMBRANDT	NA	HS52	Human	90	Pet Owner	Doxycycline		A	12	A12	1	NA	NA	NA	NA	NA	NA	NA	NA	NA	NA	48.12	NA	NA	NA	NA	A12	0.362	0.289	2.053	NA	2.053	NA	14	TRUE	1,2	HCYL3DRX5	A00901	B	240726	NA	NA	NA	NA	UDP0377
DS1.D0	ATTAGAAGACTCCAGCCTGC	UDISetD	B01	Feces	Redding	REMBRANDT	NA	DS1	Dog	0	Pet owner		5/20/22	B	1	B01	1	NA	NA	NA	NA	NA	NA	NA	NA	NA	NA	104.684	NA	NA	NA	NA	B01	0.193	0.455	2.12	NA	2.12	NA	14	TRUE	1,2	HCYL3DRX5	A00901	B	240726	NA	NA	NA	NA	UDP0290
HS1.D90	AGGAGTCGAGGTAAGCCTAA	UDISetD	B02	Feces	Redding	REMBRANDT	NA	HS1	Human	90	Pet owner	amoxicilin	8/19/22	B	2	B02	1	NA	NA	NA	NA	NA	NA	NA	NA	NA	NA	86.693	NA	NA	NA	NA	B02	0.215	0.256	2.842	NA	2.842	NA	14	TRUE	1,2	HCYL3DRX5	A00901	B	240726	NA	NA	NA	NA	UDP0298
HS3.D30	TAGGTATGTTCTTGGTCTCG	UDISetD	B03	Feces	Redding	REMBRANDT	NA	HS3	Human	30	Pet owner	amoxicilin	9/2/22	B	3	B03	1	NA	NA	NA	NA	NA	NA	NA	NA	NA	NA	47.884	NA	NA	NA	NA	B03	0.205	0.36	4.182	NA	4.182	NA	12.2	TRUE	1,2	HCYL3DRX5	A00901	B	240726	NA	NA	NA	NA	UDP0306
DS11.D3	CATTCACGCTTGAGTACAAC	UDISetD	B04	Feces	Redding	REMBRANDT	NA	DS11	Dog	3	Pet owner		2/21/23	B	4	B04	1	NA	NA	NA	NA	NA	NA	NA	NA	NA	NA	58.81	NA	NA	NA	NA	B04	0.422	0.259	5.528	NA	5.528	NA	10.4	TRUE	1,2	HCYL3DRX5	A00901	B	240726	NA	NA	NA	NA	UDP0314
DS24.D0	CTCGTAGGCAAAGAGGATGA	UDISetD	B05	Feces	Redding	REMBRANDT	NA	DS24	Dog	0	Pet owner		4/26/23	B	5	B05	1	NA	NA	NA	NA	NA	NA	NA	NA	NA	NA	10.669	NA	NA	NA	NA	B05	0.415	0.256	1.771	NA	1.771	NA	14	TRUE	1,2	HCYL3DRX5	A00901	B	240726	NA	NA	NA	NA	UDP0322
DS24.D90	AGCTAGCTTCCTCCGTATTA	UDISetD	B06	Feces	Redding	REMBRANDT	NA	DS24	Dog	90	Pet owner		7/26/23	B	6	B06	1	NA	NA	NA	NA	NA	NA	NA	NA	NA	NA	18.267	NA	NA	NA	NA	B06	0.29	0.282	4.666	NA	4.666	NA	13	TRUE	1,2	HCYL3DRX5	A00901	B	240726	NA	NA	NA	NA	UDP0330
DS33.D30	CAACTGCAACGTTGCGTTCA	UDISetD	B07	Feces	Redding	REMBRANDT	NA	DS33	Dog	30	Pet owner		6/6/23	B	7	B07	1	NA	NA	NA	NA	NA	NA	NA	NA	NA	NA	18.121	NA	NA	NA	NA	B07	0.205	0.345	3.609	NA	3.609	NA	14	TRUE	1,2	HCYL3DRX5	A00901	B	240726	NA	NA	NA	NA	UDP0338
HS35.D90	TAAGGAGGAAAATGTCGGAA	UDISetD	B08	Feces	Redding	REMBRANDT	NA	HS35	Human	90	Pet Owner	Amoxicillin		B	8	B08	1	NA	NA	NA	NA	NA	NA	NA	NA	NA	NA	54.795	NA	NA	NA	NA	B08	0.195	0.226	6.357	NA	6.357	NA	14	TRUE	1,2	HCYL3DRX5	A00901	B	240726	NA	NA	NA	NA	UDP0346
HS42.D10	AGCGCTGTGTGTTCCGAACG	UDISetD	B09	Feces	Redding	REMBRANDT	NA	HS42	Human	10	Pet Owner	Azithromycin		B	9	B09	1	NA	NA	NA	NA	NA	NA	NA	NA	NA	NA	79.378	NA	NA	NA	NA	B09	0.199	0.228	2.735	NA	2.735	NA	14	TRUE	1,2	HCYL3DRX5	A00901	B	240726	NA	NA	NA	NA	UDP0354
DS42.D90	ACCTGGCCAACGATCTGTGA	UDISetD	B10	Feces	Redding	REMBRANDT	NA	DS42	Dog	90	Pet Owner			B	10	B10	1	NA	NA	NA	NA	NA	NA	NA	NA	NA	NA	23.378	NA	NA	NA	NA	B10	0.266	0.353	1.537	NA	1.537	NA	14	TRUE	1,2	HCYL3DRX5	A00901	B	240726	NA	NA	NA	NA	UDP0362
DS47.D10	AGTGCGAGTGATTACCTCCA	UDISetD	B11	Feces	Redding	REMBRANDT	NA	DS47	Dog	10	Pet Owner			B	11	B11	1	NA	NA	NA	NA	NA	NA	NA	NA	NA	NA	17.509	NA	NA	NA	NA	B11	0.214	0.322	0.96	13.64	13.64	NA	5.1	TRUE	1,2	HCYL3DRX5	A00901	B	240726	NA	NA	NA	NA	UDP0370
DS52.D0	CCGCGGTTCTAATCTACTCC	UDISetD	B12	Feces	Redding	REMBRANDT	NA	DS52	Dog	0	Pet Owner			B	12	B12	1	NA	NA	NA	NA	NA	NA	NA	NA	NA	NA	4.565	NA	NA	NA	NA	B12	0.308	0.259	2.38	NA	2.38	NA	14	TRUE	1,2	HCYL3DRX5	A00901	B	240726	NA	NA	NA	NA	UDP0378
HS1.D3	GCTCGCACATATTAAGCCAT	UDISetD	C01	Feces	Redding	REMBRANDT	NA	HS1	Human	3	Pet owner	amoxicilin	5/24/22	C	1	C01	1	NA	NA	NA	NA	NA	NA	NA	NA	NA	NA	44.199	NA	NA	NA	NA	C01	0.229	0.621	2.774	NA	2.774	NA	14	TRUE	1,2	HCYL3DRX5	A00901	B	240726	NA	NA	NA	NA	UDP0291
DS1.D90	TTCACTCACTTCTCATGATA	UDISetD	C02	Feces	Redding	REMBRANDT	NA	DS1	Dog	90	Pet owner		8/19/22	C	2	C02	1	NA	NA	NA	NA	NA	NA	NA	NA	NA	NA	17.803	NA	NA	NA	NA	C02	0.334	0.275	3.623	NA	3.623	NA	11.6	TRUE	1,2	HCYL3DRX5	A00901	B	240726	NA	NA	NA	NA	UDP0299
DS3.D30	CACCTAGCACATGTCCAGCA	UDISetD	C03	Feces	Redding	REMBRANDT	NA	DS3	Dog	30	Pet owner		9/2/22	C	3	C03	1	NA	NA	NA	NA	NA	NA	NA	NA	NA	NA	40.927	NA	NA	NA	NA	C03	0.283	0.26	5.858	NA	5.858	NA	9	TRUE	1,2	HCYL3DRX5	A00901	B	240726	NA	NA	NA	NA	UDP0307
HS11.D10	GGCACTAAGGGTTGACCTGA	UDISetD	C04	Feces	Redding	REMBRANDT	NA	HS11	Human	10	Pet owner	amoxicilin	3/1/23	C	4	C04	1	NA	NA	NA	NA	NA	NA	NA	NA	NA	NA	59.994	NA	NA	NA	NA	C04	1.791	0.298	3.59	NA	3.59	NA	13.9	TRUE	1,2	HCYL3DRX5	A00901	B	240726	NA	NA	NA	NA	UDP0315
HS24.D3	AAGTTCTAGTTTATCTTACC	UDISetD	C05	Feces	Redding	REMBRANDT	NA	HS24	Human	3	Pet owner	amoxicilin	4/26/23	C	5	C05	1	NA	NA	NA	NA	NA	NA	NA	NA	NA	NA	70.188	NA	NA	NA	NA	C05	0.334	0.224	5.296	NA	5.296	NA	14	TRUE	1,2	HCYL3DRX5	A00901	B	240726	NA	NA	NA	NA	UDP0323
HS33.D0	CAATCCTTGTTGCGTCTTCG	UDISetD	C06	Feces	Redding	REMBRANDT	NA	HS33	Human	0	Pet owner	amoxicilin	5/8/23	C	6	C06	1	NA	NA	NA	NA	NA	NA	NA	NA	NA	NA	101.092	NA	NA	NA	NA	C06	0.479	0.219	3.559	NA	3.559	NA	14	TRUE	1,2	HCYL3DRX5	A00901	B	240726	NA	NA	NA	NA	UDP0331
HS33.D90	ACATGAGTGAAGCTAAGCGG	UDISetD	C07	Feces	Redding	REMBRANDT	NA	HS33	Human	90	Pet owner	amoxicilin	8/4/23	C	7	C07	1	NA	NA	NA	NA	NA	NA	NA	NA	NA	NA	11.02	NA	NA	NA	NA	C07	0.239	0.22	4.188	NA	4.188	NA	14	TRUE	1,2	HCYL3DRX5	A00901	B	240726	NA	NA	NA	NA	UDP0339
DS35.D0	AGCTTACACAGGTCGTGCCA	UDISetD	C08	Feces	Redding	REMBRANDT	NA	DS35	Dog	0	Pet Owner			C	8	C08	1	NA	NA	NA	NA	NA	NA	NA	NA	NA	NA	19.088	NA	NA	NA	NA	C08	0.204	0.223	2.91	NA	2.91	NA	14	TRUE	1,2	HCYL3DRX5	A00901	B	240726	NA	NA	NA	NA	UDP0347
DNAfreewater1.20240501	TCACCGCGCTCTAGTATCGA	UDISetD	C09	DNA-free water	NA	NA	NA	NA	NA	NA	NA	NA	NA	C	9	C09	1	NA	NA	NA	NA	NA	NA	NA	NA	NA	NA	0.105	NA	NA	NA	NA	C09	0.206	0.207	0.055	NA	0.055	NA	1.5	TRUE	1,2	HCYL3DRX5	A00901	B	240726	NA	NA	NA	NA	UDP0355
HS47.D0	TGTCTGGCCTATTGGCTTCT	UDISetD	C10	Feces	Redding	REMBRANDT	NA	HS47	Human	0	Pet Owner	Amoxicillin		C	10	C10	1	NA	NA	NA	NA	NA	NA	NA	NA	NA	NA	65.304	NA	NA	NA	NA	C10	0.201	0.328	1.627	NA	1.627	NA	14	TRUE	1,2	HCYL3DRX5	A00901	B	240726	NA	NA	NA	NA	UDP0363
DS47.D30	CTGAGCCGGTTACGTGAAGG	UDISetD	C11	Feces	Redding	REMBRANDT	NA	DS47	Dog	30	Pet Owner			C	11	C11	1	NA	NA	NA	NA	NA	NA	NA	NA	NA	NA	42.962	NA	NA	NA	NA	C11	0.201	0.278	0.526	9.55	9.55	NA	8.2	TRUE	1,2	HCYL3DRX5	A00901	B	240726	NA	NA	NA	NA	UDP0371
DS52.D3	ATTGATACTGGGAGCGTGTA	UDISetD	C12	Feces	Redding	REMBRANDT	NA	DS52	Dog	3	Pet Owner			C	12	C12	1	NA	NA	NA	NA	NA	NA	NA	NA	NA	NA	36.169	NA	NA	NA	NA	C12	0.181	0.246	1.055	NA	1.055	NA	14	TRUE	1,2	HCYL3DRX5	A00901	B	240726	NA	NA	NA	NA	UDP0379
DS1.D3	AATATTGCCAGGTGTCACCG	UDISetD	D01	Feces	Redding	REMBRANDT	NA	DS1	Dog	3	Pet owner		5/24/22	D	1	D01	1	NA	NA	NA	NA	NA	NA	NA	NA	NA	NA	21.988	NA	NA	NA	NA	D01	0.247	0.223	5.842	NA	5.842	NA	8.9	TRUE	1,2	HCYL3DRX5	A00901	B	240726	NA	NA	NA	NA	UDP0292
HS3.D0	GGTCCGCTTCCTTGTGTGAG	UDISetD	D02	Feces	Redding	REMBRANDT	NA	HS3	Human	0	Pet owner	amoxicilin		D	2	D02	1	NA	NA	NA	NA	NA	NA	NA	NA	NA	NA	71.172	NA	NA	NA	NA	D02	0.332	0.226	4.768	NA	4.768	NA	10.7	TRUE	1,2	HCYL3DRX5	A00901	B	240726	NA	NA	NA	NA	UDP0300
HS3.D90	TTCAAGTATGCGATACCATC	UDISetD	D03	Feces	Redding	REMBRANDT	NA	HS3	Human	90	Pet owner	amoxicilin		D	3	D03	1	NA	NA	NA	NA	NA	NA	NA	NA	NA	NA	77.649	NA	NA	NA	NA	D03	0.208	0.219	14.373	NA	14.373	NA	4.5	TRUE	1,2	HCYL3DRX5	A00901	B	240726	NA	NA	NA	NA	UDP0308
DS11.D10	ATTCGGTACATCCTCGGACT	UDISetD	D04	Feces	Redding	REMBRANDT	NA	DS11	Dog	10	Pet owner		3/1/23	D	4	D04	1	NA	NA	NA	NA	NA	NA	NA	NA	NA	NA	91.208	NA	NA	NA	NA	D04	0.248	0.242	6.921	NA	6.921	NA	8.9	TRUE	1,2	HCYL3DRX5	A00901	B	240726	NA	NA	NA	NA	UDP0316
DS24.D3	CCAAGAGGTGCTGGCTCGTT	UDISetD	D05	Feces	Redding	REMBRANDT	NA	DS24	Dog	3	Pet owner		4/26/23	D	5	D05	1	NA	NA	NA	NA	NA	NA	NA	NA	NA	NA	16.634	NA	NA	NA	NA	D05	0.248	0.24	4.16	NA	4.16	NA	13.5	TRUE	1,2	HCYL3DRX5	A00901	B	240726	NA	NA	NA	NA	UDP0324
DS33.D0	CACCTGTTGCATGTGTCAAT	UDISetD	D06	Feces	Redding	REMBRANDT	NA	DS33	Dog	0	Pet owner		5/8/23	D	6	D06	1	NA	NA	NA	NA	NA	NA	NA	NA	NA	NA	34.159	NA	NA	NA	NA	D06	0.216	0.235	7.012	NA	7.012	NA	10.9	TRUE	1,2	HCYL3DRX5	A00901	B	240726	NA	NA	NA	NA	UDP0332
DS33.D90	GCAACCAGTCTTCCTCGGTG	UDISetD	D07	Feces	Redding	REMBRANDT	NA	DS33	Dog	90	Pet owner		8/4/23	D	7	D07	1	NA	NA	NA	NA	NA	NA	NA	NA	NA	NA	60.164	NA	NA	NA	NA	D07	0.271	0.227	3.894	NA	3.894	NA	11.1	TRUE	1,2	HCYL3DRX5	A00901	B	240726	NA	NA	NA	NA	UDP0340
DS35.D3	AACCAGCCACGTGCTGTGGC	UDISetD	D08	Feces	Redding	REMBRANDT	NA	DS35	Dog	3	Pet Owner			D	8	D08	1	NA	NA	NA	NA	NA	NA	NA	NA	NA	NA	11.254	NA	NA	NA	NA	D08	0.209	0.424	5.856	NA	5.856	NA	10.2	TRUE	1,2	HCYL3DRX5	A00901	B	240726	NA	NA	NA	NA	UDP0348
HS42.D30	GATAGCCTTGCATTGTGGTA	UDISetD	D09	Feces	Redding	REMBRANDT	NA	HS42	Human	30	Pet Owner	Azithromycin		D	9	D09	1	NA	NA	NA	NA	NA	NA	NA	NA	NA	NA	90.926	NA	NA	NA	NA	D09	0.212	0.229	4.359	NA	4.359	NA	12.3	TRUE	1,2	HCYL3DRX5	A00901	B	240726	NA	NA	NA	NA	UDP0356
HS47.D3	AGTTAATGCTCGGCTGCAGT	UDISetD	D10	Feces	Redding	REMBRANDT	NA	HS47	Human	3	Pet Owner	Amoxicillin		D	10	D10	1	NA	NA	NA	NA	NA	NA	NA	NA	NA	NA	62.575	NA	NA	NA	NA	D10	0.223	0.391	1.728	NA	1.728	NA	14	TRUE	1,2	HCYL3DRX5	A00901	B	240726	NA	NA	NA	NA	UDP0364
DS47.D90	AACGGTCTATCCGCGTATAG	UDISetD	D11	Feces	Redding	REMBRANDT	NA	DS47	Dog	90	Pet Owner			D	11	D11	1	NA	NA	NA	NA	NA	NA	NA	NA	NA	NA	54.2	NA	NA	NA	NA	D11	0.302	0.304	0.203	8.707	8.707	NA	8.7	TRUE	1,2	HCYL3DRX5	A00901	B	240726	NA	NA	NA	NA	UDP0372
DS52.D10	GGATTATGGACTCTATCGGA	UDISetD	D12	Feces	Redding	REMBRANDT	NA	DS52	Dog	10	Pet Owner			D	12	D12	1	NA	NA	NA	NA	NA	NA	NA	NA	NA	NA	35.289	NA	NA	NA	NA	D12	0.216	0.307	0.197	0.805	0.805	NA	14	TRUE	1,2	HCYL3DRX5	A00901	B	240726	NA	NA	NA	NA	UDP0380
HS1.D10	TCGTGCATTCATACCAACGC	UDISetD	E01	Feces	Redding	REMBRANDT	NA	HS1	Human	10	Pet owner	amoxicilin	6/1/22	E	1	E01	1	NA	NA	NA	NA	NA	NA	NA	NA	NA	NA	33.696	NA	NA	NA	NA	E01	0.193	0.224	7.03	NA	7.03	NA	9.9	TRUE	1,2	HCYL3DRX5	A00901	B	240726	NA	NA	NA	NA	UDP0293
DS3.D0	TAGTGGCTTGCCAAGTAACT	UDISetD	E02	Feces	Redding	REMBRANDT	NA	DS3	Dog	0	Pet owner			E	2	E02	1	NA	NA	NA	NA	NA	NA	NA	NA	NA	NA	2.527	NA	NA	NA	NA	E02	0.206	0.226	7.208	NA	7.208	NA	8.2	TRUE	1,2	HCYL3DRX5	A00901	B	240726	NA	NA	NA	NA	UDP0301
DS3.D90	TTAAGACAAGCAATTAAGCC	UDISetD	E03	Feces	Redding	REMBRANDT	NA	DS3	Dog	90	Pet owner			E	3	E03	1	NA	NA	NA	NA	NA	NA	NA	NA	NA	NA	9.659	NA	NA	NA	NA	E03	0.216	0.226	3.748	NA	3.748	NA	12.9	TRUE	1,2	HCYL3DRX5	A00901	B	240726	NA	NA	NA	NA	UDP0309
HS11.D30	ACTAATCTCCAGATTAAGTG	UDISetD	E04	Feces	Redding	REMBRANDT	NA	HS11	Human	30	Pet owner	amoxicilin	3/20/23	E	4	E04	1	NA	NA	NA	NA	NA	NA	NA	NA	NA	NA	90.173	NA	NA	NA	NA	E04	0.227	0.301	4.803	NA	4.803	NA	5.8	TRUE	1,2	HCYL3DRX5	A00901	B	240726	NA	NA	NA	NA	UDP0317
HS24.D10	ATATCTGCTTAGATTGTCTA	UDISetD	E05	Feces	Redding	REMBRANDT	NA	HS24	Human	10	Pet owner	amoxicilin	5/2/23	E	5	E05	1	NA	NA	NA	NA	NA	NA	NA	NA	NA	NA	96.221	NA	NA	NA	NA	E05	0.324	0.226	8.65	NA	8.65	NA	10.2	TRUE	1,2	HCYL3DRX5	A00901	B	240726	NA	NA	NA	NA	UDP0325
HS33.D3	CGTCACCTTGCAATCGGCTG	UDISetD	E06	Feces	Redding	REMBRANDT	NA	HS33	Human	3	Pet owner	amoxicilin	5/9/23	E	6	E06	1	NA	NA	NA	NA	NA	NA	NA	NA	NA	NA	103.348	NA	NA	NA	NA	E06	0.207	0.204	0.056	3.489	3.489	NA	14	TRUE	1,2	HCYL3DRX5	A00901	B	240726	NA	NA	NA	NA	UDP0333
Extractemptywell1.20240501	GAGCGACGATTGATTATACG	UDISetD	E07	Empty well	NA	NA	NA	NA	NA	NA	NA	NA	NA	E	7	E07	1	NA	NA	NA	NA	NA	NA	NA	NA	NA	NA	0.114	NA	NA	NA	NA	E07	0.207	0.197	0.072	NA	0.072	NA	1.5	TRUE	1,2	HCYL3DRX5	A00901	B	240726	NA	NA	NA	NA	UDP0341
DS35.D10	CTTAAGTCGAACAACTACTG	UDISetD	E08	Feces	Redding	REMBRANDT	NA	DS35	Dog	10	Pet Owner			E	8	E08	1	NA	NA	NA	NA	NA	NA	NA	NA	NA	NA	5.808	NA	NA	NA	NA	E08	0.247	0.252	5.317	NA	5.317	NA	11.1	TRUE	1,2	HCYL3DRX5	A00901	B	240726	NA	NA	NA	NA	UDP0349
HS42.D90	CCTGGACGCATGGTATACCA	UDISetD	E09	Feces	Redding	REMBRANDT	NA	HS42	Human	90	Pet Owner	Azithromycin		E	9	E09	1	NA	NA	NA	NA	NA	NA	NA	NA	NA	NA	89.093	NA	NA	NA	NA	E09	0.209	0.235	4.774	NA	4.774	NA	14	TRUE	1,2	HCYL3DRX5	A00901	B	240726	NA	NA	NA	NA	UDP0357
HS47.D10	GGTGAGTAATACTAGATGTT	UDISetD	E10	Feces	Redding	REMBRANDT	NA	HS47	Human	10	Pet Owner	Amoxicillin		E	10	E10	1	NA	NA	NA	NA	NA	NA	NA	NA	NA	NA	84.941	NA	NA	NA	NA	E10	0.216	0.233	0.648	9.552	9.552	NA	7.3	TRUE	1,2	HCYL3DRX5	A00901	B	240726	NA	NA	NA	NA	UDP0365
HS52.D0	GTTGCGTTCACAACTGCAAC	UDISetD	E11	Feces	Redding	REMBRANDT	NA	HS52	Human	0	Pet Owner	Doxycycline		E	11	E11	1	NA	NA	NA	NA	NA	NA	NA	NA	NA	NA	23.685	NA	NA	NA	NA	E11	0.257	0.402	0.297	2.371	2.371	NA	14	TRUE	1,2	HCYL3DRX5	A00901	B	240726	NA	NA	NA	NA	UDP0373
DS52.D30	TGGTTCTCATCGGCCTTGAG	UDISetD	E12	Feces	Redding	REMBRANDT	NA	DS52	Dog	30	Pet Owner			E	12	E12	1	NA	NA	NA	NA	NA	NA	NA	NA	NA	NA	31.625	NA	NA	NA	NA	E12	0.181	0.29	0.949	1.126	1.126	NA	14	TRUE	1,2	HCYL3DRX5	A00901	B	240726	NA	NA	NA	NA	UDP0381
DS1.D10	AAGATACACGTGTTAGCACA	UDISetD	F01	Feces	Redding	REMBRANDT	NA	DS1	Dog	10	Pet owner		6/1/22	F	1	F01	1	NA	NA	NA	NA	NA	NA	NA	NA	NA	NA	73.491	NA	NA	NA	NA	F01	0.192	0.298	5.327	NA	5.327	NA	14	TRUE	1,2	HCYL3DRX5	A00901	B	240726	NA	NA	NA	NA	UDP0294
HS3.D3	ATTGAGGTCCATATAATCCG	UDISetD	F02	Feces	Redding	REMBRANDT	NA	HS3	Human	3	Pet owner	amoxicilin	8/5/22	F	2	F02	1	NA	NA	NA	NA	NA	NA	NA	NA	NA	NA	30.266	NA	NA	NA	NA	F02	0.281	0.32	8.555	NA	8.555	NA	8	TRUE	1,2	HCYL3DRX5	A00901	B	240726	NA	NA	NA	NA	UDP0302
HS11.D0	CACCTCTCTTAGGAGTCGAG	UDISetD	F03	Feces	Redding	REMBRANDT	NA	HS11	Human	0	Pet owner	amoxicilin	2/21/23	F	3	F03	1	NA	NA	NA	NA	NA	NA	NA	NA	NA	NA	52.081	NA	NA	NA	NA	F03	0.217	0.255	4.391	NA	4.391	NA	9.1	TRUE	1,2	HCYL3DRX5	A00901	B	240726	NA	NA	NA	NA	UDP0310
DS11.D30	TGTGTTAGTATAACAGAGTA	UDISetD	F04	Feces	Redding	REMBRANDT	NA	DS11	Dog	30	Pet owner		3/20/23	F	4	F04	1	NA	NA	NA	NA	NA	NA	NA	NA	NA	NA	67.484	NA	NA	NA	NA	F04	0.231	0.32	5.532	NA	5.532	NA	8.3	TRUE	1,2	HCYL3DRX5	A00901	B	240726	NA	NA	NA	NA	UDP0318
DS24.D10	TGGATCTGGCTTCAGCATTG	UDISetD	F05	Feces	Redding	REMBRANDT	NA	DS24	Dog	10	Pet owner		5/2/23	F	5	F05	1	NA	NA	NA	NA	NA	NA	NA	NA	NA	NA	33.166	NA	NA	NA	NA	F05	0.253	0.225	4.034	NA	4.034	NA	12.3	TRUE	1,2	HCYL3DRX5	A00901	B	240726	NA	NA	NA	NA	UDP0326
DS33.D3	AATGACTGGTACGCGTGAGA	UDISetD	F06	Feces	Redding	REMBRANDT	NA	DS33	Dog	3	Pet owner		5/9/23	F	6	F06	1	NA	NA	NA	NA	NA	NA	NA	NA	NA	NA	23.385	NA	NA	NA	NA	F06	0.275	0.243	8.863	NA	8.863	NA	14	TRUE	1,2	HCYL3DRX5	A00901	B	240726	NA	NA	NA	NA	UDP0334
HS35.D0	CGAACGCACCGTTCTGTCAT	UDISetD	F07	Feces	Redding	REMBRANDT	NA	HS35	Human	0	Pet Owner	Amoxicillin		F	7	F07	1	NA	NA	NA	NA	NA	NA	NA	NA	NA	NA	52.698	NA	NA	NA	NA	F07	0.289	0.231	4.257	NA	4.257	NA	14	TRUE	1,2	HCYL3DRX5	A00901	B	240726	NA	NA	NA	NA	UDP0342
DS35.D30	GCCTAACGTGCTTGAGAGCT	UDISetD	F08	Feces	Redding	REMBRANDT	NA	DS35	Dog	30	Pet Owner			F	8	F08	1	NA	NA	NA	NA	NA	NA	NA	NA	NA	NA	20.952	NA	NA	NA	NA	F08	0.215	0.205	2.571	NA	2.571	NA	14	TRUE	1,2	HCYL3DRX5	A00901	B	240726	NA	NA	NA	NA	UDP0350
DS42.D0	TTACGCACCTCAACGAGAGC	UDISetD	F09	Feces	Redding	REMBRANDT	NA	DS42	Dog	0	Pet Owner			F	9	F09	1	NA	NA	NA	NA	NA	NA	NA	NA	NA	NA	91.271	NA	NA	NA	NA	F09	0.234	0.251	6.368	NA	6.368	NA	14	TRUE	1,2	HCYL3DRX5	A00901	B	240726	NA	NA	NA	NA	UDP0358
HS47.D30	TACTCTGCGCCATAGTAAGG	UDISetD	F10	Feces	Redding	REMBRANDT	NA	HS47	Human	30	Pet Owner	Amoxicillin		F	10	F10	1	NA	NA	NA	NA	NA	NA	NA	NA	NA	NA	75.703	NA	NA	NA	NA	F10	0.243	0.255	0.765	5.932	5.932	NA	12.2	TRUE	1,2	HCYL3DRX5	A00901	B	240726	NA	NA	NA	NA	UDP0366
HS52.D3	CTTCAACCACAGGCGCATAA	UDISetD	F11	Feces	Redding	REMBRANDT	NA	HS52	Human	3	Pet Owner	Doxycycline		F	11	F11	1	NA	NA	NA	NA	NA	NA	NA	NA	NA	NA	82.435	NA	NA	NA	NA	F11	0.242	0.341	0.22	2.017	2.017	NA	14	TRUE	1,2	HCYL3DRX5	A00901	B	240726	NA	NA	NA	NA	UDP0374
DS52.D90	TCAACCACGATATGAACTTG	UDISetD	F12	Feces	Redding	REMBRANDT	NA	DS52	Dog	90	Pet Owner			F	12	F12	1	NA	NA	NA	NA	NA	NA	NA	NA	NA	NA	20.629	NA	NA	NA	NA	F12	0.199	0.364	0.714	1.812	1.812	NA	14	TRUE	1,2	HCYL3DRX5	A00901	B	240726	NA	NA	NA	NA	UDP0382
Extractblankswab1.20240501	TGCAATGAATTTACTTCTGG	UDISetD	G01	Blank swab	NA	NA	NA	NA	NA	NA	NA	NA	NA	G	1	G01	1	NA	NA	NA	NA	NA	NA	NA	NA	NA	NA	<0.000	NA	NA	NA	NA	G01	0.189	0.169	0.065	NA	0.065	NA	1.5	TRUE	1,2	HCYL3DRX5	A00901	B	240726	NA	NA	NA	NA	UDP0295
DS3.D3	GGAGAGACTCTCTGCTTCAA	UDISetD	G02	Feces	Redding	REMBRANDT	NA	DS3	Dog	3	Pet owner		8/5/22	G	2	G02	1	NA	NA	NA	NA	NA	NA	NA	NA	NA	NA	57.155	NA	NA	NA	NA	G02	0.403	0.352	3.353	NA	3.353	NA	13.4	TRUE	1,2	HCYL3DRX5	A00901	B	240726	NA	NA	NA	NA	UDP0303
mockdna1.20240501	TTCTCGTGCACTCTGTGTAT	UDISetD	G03	Mock DNA	NA	NA	NA	NA	NA	NA	NA	NA	NA	G	3	G03	1	NA	NA	NA	NA	NA	NA	NA	NA	NA	NA	0.119	NA	NA	NA	NA	G03	0.21	0.224	5.085	NA	5.085	NA	1.5	TRUE	1,2	HCYL3DRX5	A00901	B	240726	NA	NA	NA	NA	UDP0311
HS11.D90	CAACGACCTAATCGAGTCGC	UDISetD	G04	Feces	Redding	REMBRANDT	NA	HS11	Human	90	Pet owner	amoxicilin		G	4	G04	1	NA	NA	NA	NA	NA	NA	NA	NA	NA	NA	100.1	NA	NA	NA	NA	G04	0.301	0.223	3.945	NA	3.945	NA	7.6	TRUE	1,2	HCYL3DRX5	A00901	B	240726	NA	NA	NA	NA	UDP0319
HS24.D30	TTGAATCCAAACACCGTGAC	UDISetD	G05	Feces	Redding	REMBRANDT	NA	HS24	Human	30	Pet owner	amoxicilin	5/23/23	G	5	G05	1	NA	NA	NA	NA	NA	NA	NA	NA	NA	NA	71.274	NA	NA	NA	NA	G05	0.27	0.288	3.456	NA	3.456	NA	14	TRUE	1,2	HCYL3DRX5	A00901	B	240726	NA	NA	NA	NA	UDP0327
HS33.D10	ATGATTCCGGCACGTCAGAG	UDISetD	G06	Feces	Redding	REMBRANDT	NA	HS33	Human	10	Pet owner	amoxicilin	5/17/23	G	6	G06	1	NA	NA	NA	NA	NA	NA	NA	NA	NA	NA	92.769	NA	NA	NA	NA	G06	0.21	1.228	7.726	NA	7.726	NA	14	TRUE	1,2	HCYL3DRX5	A00901	B	240726	NA	NA	NA	NA	UDP0335
HS35.D3	TCTTACGCCGTGCAATGAAT	UDISetD	G07	Feces	Redding	REMBRANDT	NA	HS35	Human	3	Pet Owner	Amoxicillin		G	7	G07	1	NA	NA	NA	NA	NA	NA	NA	NA	NA	NA	93.852	NA	NA	NA	NA	G07	0.211	0.247	3.585	NA	3.585	NA	13.6	TRUE	1,2	HCYL3DRX5	A00901	B	240726	NA	NA	NA	NA	UDP0343
DS35.D90	ACTTACTTCATAATTCCAGA	UDISetD	G08	Feces	Redding	REMBRANDT	NA	DS35	Dog	90	Pet Owner			G	8	G08	1	NA	NA	NA	NA	NA	NA	NA	NA	NA	NA	0.111	NA	NA	NA	NA	G08	0.206	0.193	0.055	NA	0.206	NA	0	FALSE	1,2	HCYL3DRX5	A00901	B	240726	NA	NA	NA	NA	UDP0351
DS42.D3	TCGTTGCTGCTTCACGAGAC	UDISetD	G09	Feces	Redding	REMBRANDT	NA	DS42	Dog	3	Pet Owner			G	9	G09	1	NA	NA	NA	NA	NA	NA	NA	NA	NA	NA	12.219	NA	NA	NA	NA	G09	0.256	0.19	0.064	2.596	2.596	NA	14	TRUE	1,2	HCYL3DRX5	A00901	B	240726	NA	NA	NA	NA	UDP0359
HS47.D90	AGGTATGGCGGTCTCGCCAC	UDISetD	G10	Feces	Redding	REMBRANDT	NA	HS47	Human	90	Pet Owner	Amoxicillin		G	10	G10	1	NA	NA	NA	NA	NA	NA	NA	NA	NA	NA	77.361	NA	NA	NA	NA	G10	0.25	0.293	3.259	NA	3.259	NA	14	TRUE	1,2	HCYL3DRX5	A00901	B	240726	NA	NA	NA	NA	UDP0367
HS52.D10	TCTATTCAGTTGTACTGAGA	UDISetD	G11	Feces	Redding	REMBRANDT	NA	HS52	Human	10	Pet Owner	Doxycycline		G	11	G11	1	NA	NA	NA	NA	NA	NA	NA	NA	NA	NA	45.66	NA	NA	NA	NA	G11	0.194	0.358	1.025	NA	1.025	NA	14	TRUE	1,2	HCYL3DRX5	A00901	B	240726	NA	NA	NA	NA	UDP0375
HS55.D0	TATGAACTTGCCTAAGGATT	UDISetD	G12	Feces	Redding	REMBRANDT	NA	HS55	Human	0	Pet Owner			G	12	G12	1	NA	NA	NA	NA	NA	NA	NA	NA	NA	NA	29.364	NA	NA	NA	NA	G12	0.187	0.473	1.11	NA	1.11	NA	14	TRUE	1,2	HCYL3DRX5	A00901	B	240726	NA	NA	NA	NA	UDP0383
HS1.D30	CTATGAAGGACAGGTATAAG	UDISetD	H01	Feces	Redding	REMBRANDT	NA	HS1	human	30	Pet owner	amoxicilin		H	1	H01	1	NA	NA	NA	NA	NA	NA	NA	NA	NA	NA	116.713	NA	NA	NA	NA	H01	0.182	0.314	6.402	NA	6.402	NA	11.2	TRUE	1,2	HCYL3DRX5	A00901	B	240726	NA	NA	NA	NA	UDP0296
HS3.D10	CCGCTCCGTTCTTCGCCGTA	UDISetD	H02	Feces	Redding	REMBRANDT	NA	HS3	Human	10	Pet owner	amoxicilin	9/2/22	H	2	H02	1	NA	NA	NA	NA	NA	NA	NA	NA	NA	NA	39.859	NA	NA	NA	NA	H02	0.381	0.379	10.336	NA	10.336	NA	11.3	TRUE	1,2	HCYL3DRX5	A00901	B	240726	NA	NA	NA	NA	UDP0304
DS11.D0	GCTAGGAAGTTCGTCCGAGA	UDISetD	H03	Feces	Redding	REMBRANDT	NA	DS11	Dog	0	Pet owner		2/21/23	H	3	H03	1	NA	NA	NA	NA	NA	NA	NA	NA	NA	NA	40.093	NA	NA	NA	NA	H03	0.2	0.244	4.647	NA	4.647	NA	12.4	TRUE	1,2	HCYL3DRX5	A00901	B	240726	NA	NA	NA	NA	UDP0312
DS11.90	CGGTCGGCATCCTTGCCTAG	UDISetD	H04	Feces	Redding	REMBRANDT	NA	DS11	Dog	90	Pet owner			H	4	H04	1	NA	NA	NA	NA	NA	NA	NA	NA	NA	NA	25.975	NA	NA	NA	NA	H04	0.205	0.213	6.516	NA	6.516	NA	10.7	TRUE	1,2	HCYL3DRX5	A00901	B	240726	NA	NA	NA	NA	UDP0320
DS24.D30	CACGGCTAGTCTTGTACACC	UDISetD	H05	Feces	Redding	REMBRANDT	NA	DS24	Dog	30	Pet owner		5/23/23	H	5	H05	1	NA	NA	NA	NA	NA	NA	NA	NA	NA	NA	15.781	NA	NA	NA	NA	H05	0.186	0.215	4.295	NA	4.295	NA	13.2	TRUE	1,2	HCYL3DRX5	A00901	B	240726	NA	NA	NA	NA	UDP0328
DS33.D10	TTAGGCTCAATTCCATTCGA	UDISetD	H06	Feces	Redding	REMBRANDT	NA	DS33	Dog	10	Pet owner		5/17/23	H	6	H06	1	NA	NA	NA	NA	NA	NA	NA	NA	NA	NA	9.229	NA	NA	NA	NA	H06	0.196	0.421	1.629	NA	1.629	NA	14	TRUE	1,2	HCYL3DRX5	A00901	B	240726	NA	NA	NA	NA	UDP0336
HS35.D10	AGCTGATGTCCAGGACATGA	UDISetD	H07	Feces	Redding	REMBRANDT	NA	HS35	Human	10	Pet Owner	Amoxicillin		H	7	H07	1	NA	NA	NA	NA	NA	NA	NA	NA	NA	NA	81.768	NA	NA	NA	NA	H07	0.2	0.28	10.947	NA	10.947	NA	12.1	TRUE	1,2	HCYL3DRX5	A00901	B	240726	NA	NA	NA	NA	UDP0344
HS42.D0	CGCATTCCGTCTCCACTAAT	UDISetD	H08	Feces	Redding	REMBRANDT	NA	HS42	Human	0	Pet Owner	Azithromycin		H	8	H08	1	NA	NA	NA	NA	NA	NA	NA	NA	NA	NA	97.557	NA	NA	NA	NA	H08	0.233	0.22	3.59	NA	3.59	NA	11.2	TRUE	1,2	HCYL3DRX5	A00901	B	240726	NA	NA	NA	NA	UDP0352
DS42.D10	CGACAAGGATAGGTGGCCTT	UDISetD	H09	Feces	Redding	REMBRANDT	NA	DS42	Dog	10	Pet Owner			H	9	H09	1	NA	NA	NA	NA	NA	NA	NA	NA	NA	NA	23.964	NA	NA	NA	NA	H09	0.228	0.289	3.013	NA	3.013	NA	14	TRUE	1,2	HCYL3DRX5	A00901	B	240726	NA	NA	NA	NA	UDP0360
DS47.D0	TCCAGCCTGCTGGATCTGGC	UDISetD	H10	Feces	Redding	REMBRANDT	NA	DS47	Dog	0	Pet Owner			H	10	H10	1	NA	NA	NA	NA	NA	NA	NA	NA	NA	NA	65.906	NA	NA	NA	NA	H10	0.196	0.24	0.119	9.841	9.841	NA	8.8	TRUE	1,2	HCYL3DRX5	A00901	B	240726	NA	NA	NA	NA	UDP0368
HS52.D30	CAAGACGTCCTCCGTATACT	UDISetD	H11	Feces	Redding	REMBRANDT	NA	HS52	Human	30	Pet Owner	Doxycycline		H	11	H11	1	NA	NA	NA	NA	NA	NA	NA	NA	NA	NA	72.569	NA	NA	NA	NA	H11	0.302	0.502	2.641	NA	2.641	NA	14	TRUE	1,2	HCYL3DRX5	A00901	B	240726	NA	NA	NA	NA	UDP0376
HS55.D3	AGTGGTTAAGGTATTCCACC	UDISetD	H12	Feces	Redding	REMBRANDT	NA	HS55	Human	3	Pet Owner			H	12	H12	1	NA	NA	NA	NA	NA	NA	NA	NA	NA	NA	8.1	NA	NA	NA	NA	H12	0.178	0.314	1.087	NA	1.087	NA	14	TRUE	1,2	HCYL3DRX5	A00901	B	240726	NA	NA	NA	NA	UDP0384
